name,type,ownership,authority,status,longitude,latitude,F15Regions,DName2016,CName2016,SName2016,scode,costituenc,d,c,s,p,pc2016,mpopn,fpopn,SexRatio,tpopn,hf_id
Buikwe St. Charles Lwanga HOSPITAL,General Hospital,Private Not For Profit,UCMB,Functional,33.03181,0.33944,CENTRAL II,BUIKWE,BUIKWE,BUIKWE TOWN COUNCIL,117102,BUIKWE COUNTY SOUTH,BUIKWE,BUIKWE,BUIKWE TOWN COUNCIL,BUIKWE C,11710203,1605,1918.0,83.7,3523.0,HF0002
Kawolo HOSPITAL,General Hospital,Government,MOH,Functional,32.94508,0.36783,CENTRAL II,BUIKWE,LUGAZI MUNICIPALITY,CENTRAL DIVISION,117201,LUGAZI MUNICIPALITY,BUIKWE,LUGAZI MUNICIPALITY,CENTRAL DIVISION,KIKAWULA,11720103,5018,5655.0,88.7,10673.0,HF0007
Lugazi Scoul HOSPITAL,General Hospital,Private For Profit,,Functional,32.93794,0.37751,CENTRAL II,BUIKWE,LUGAZI MUNICIPALITY,CENTRAL DIVISION,117201,LUGAZI MUNICIPALITY,BUIKWE,LUGAZI MUNICIPALITY,CENTRAL DIVISION,KAWOTTO,11720102,2002,1655.0,121.0,3657.0,HF0008
Nkokonjeru  HOSPITAL,General Hospital,Private Not For Profit,UCMB,Functional,32.92302,0.23599,CENTRAL II,BUIKWE,BUIKWE,NKOKONJERU TOWN COUNCIL,117105,BUIKWE COUNTY SOUTH,BUIKWE,BUIKWE,NKOKONJERU TOWN COUNCIL,BUKASA,11710501,1965,2261.0,86.9,4226.0,HF0019
St. Francis Nyenga HOSPITAL,General Hospital,Private Not For Profit,UCMB,Functional,33.14065,0.39505,CENTRAL II,BUIKWE,NJERU MUNICIPALITY,NYENGA DIVISION,117302,NJERU MUNICIPALITY,BUIKWE,NJERU MUNICIPALITY,NYENGA DIVISION,NYENGA,11730204,3752,4070.0,92.2,7822.0,HF0022
Butenga HC IV,HC IV,Government,MOH,Functional,31.67238,-0.19553,CENTRAL I,BUKOMANSIMBI,BUKOMANSIMBI,BUTENGA,118103,BUKOMANSIMBI SOUTH COUNTY,BUKOMANSIMBI,BUKOMANSIMBI,BUTENGA,BUTENGA TOWN BOARD,11810301,1420,1679.0,84.6,3099.0,HF0039
Gombe HOSPITAL,General Hospital,Government,MOH,Functional,32.114144,0.184416,CENTRAL I,BUTAMBALA,BUTAMBALA,GOMBE TOWN COUNCIL,119103,BUTAMBALA COUNTY,BUTAMBALA,BUTAMBALA,GOMBE TOWN COUNCIL,GOMBE,11910301,3612,3958.0,91.3,7570.0,HF0052
Maddu HC IV,HC IV,Government,MOH,Functional,31.66908,0.21294,CENTRAL I,GOMBA,GOMBA,MADDU,121104,GOMBA WEST COUNTY,GOMBA,GOMBA,MADDU,MADDU,12110405,4250,4336.0,98.0,8586.0,HF0083
Bukulula HC IV,HC IV,Government,Local Government,Functional,31.844494,-0.178123,CENTRAL I,KALUNGU,KALUNGU,BUKULULA,122101,KALUNGU EAST COUNTY,KALUNGU,KALUNGU,BUKULULA,MUKOKO,12210108,4318,4442.0,97.2,8760.0,HF0092
Villa Maria HOSPITAL,General Hospital,Private Not For Profit,UCMB,Functional,31.743304,-0.228127,CENTRAL I,KALUNGU,KALUNGU,KALUNGU,122102,KALUNGU WEST COUNTY,KALUNGU,KALUNGU,KALUNGU,VILLA MARIA,12210209,2206,3110.0,70.9,5316.0,HF0093
St. Joseph of the Good Shephard Kyamulibwa Ngo HC IV,HC IV,Private Not For Profit,UCMB,Functional,31.757589,-0.082854,CENTRAL I,KALUNGU,KALUNGU,KYAMULIBWA TOWN COUNCIL,122107,KALUNGU WEST COUNTY,KALUNGU,KALUNGU,KYAMULIBWA TOWN COUNCIL,EAST,12210701,1112,1189.0,93.5,2301.0,HF0103
Kololo HOSPITAL,General Hospital,Private For Profit,Local Government,Functional,32.588224,0.336823,GREATER KAMPALA,KAMPALA,,,102101,,KAMPALA,KAMPALA CAPITAL CITY,CENTRAL,KOLOLO II,10210111,580,552.0,105.1,1132.0,HF0118
International Hospital Kampala (IHK),General Hospital,Private For Profit,Local Government,Functional,32.61153,0.30528,GREATER KAMPALA,KAMPALA,,,102104,,KAMPALA,KAMPALA CAPITAL CITY,MAKINDYE,KISUGU,10210411,9400,9835.0,95.6,19235.0,HF0202
Kibuli HOSPITAL,General Hospital,Private Not For Profit,Local Government,Functional,32.595073,0.313056,GREATER KAMPALA,KAMPALA,,,102104,,KAMPALA,KAMPALA CAPITAL CITY,MAKINDYE,KIBULI,10210408,12857,13333.0,96.4,26190.0,HF0203
St. Francis Nsambya HOSPITAL,General Hospital,Private Not For Profit,UCMB,Functional,32.585,0.3017,GREATER KAMPALA,KAMPALA,,,102104,,KAMPALA,KAMPALA CAPITAL CITY,MAKINDYE,LUKULI,10210412,14281,16487.0,86.6,30768.0,HF0204
Kiruddu,NR Hospital,Government,Local Government,Functional,32.61274,0.24828,GREATER KAMPALA,KAMPALA,,,102104,,KAMPALA,KAMPALA CAPITAL CITY,MAKINDYE,SALAAMA,10210419,15464,17666.0,87.5,33130.0,HF0216
Mulago National Hospital- Old NATIONAL REFERAL HOSPITAL,NR Hospital,Government,MOH,Functional,32.5761,0.3381,GREATER KAMPALA,KAMPALA,,,102102,,KAMPALA,KAMPALA CAPITAL CITY,KAWEMPE,MULAGO I,10210216,3436,3745.0,91.7,7181.0,HF0220
Kadic HOSPITAL,General Hospital,Private For Profit,Local Government,Functional,32.603411,0.352746,GREATER KAMPALA,KAMPALA,,,102105,,KAMPALA,KAMPALA CAPITAL CITY,NAKAWA,BUKOTO I,10210503,10768,12277.0,87.7,23045.0,HF0252
Murchison Bay  HOSPITAL,General Hospital,Government,Prisons,Functional,32.633478,0.283601,GREATER KAMPALA,KAMPALA,,,102104,,KAMPALA,KAMPALA CAPITAL CITY,MAKINDYE,BUKASA,10210401,14387,15019.0,95.8,29406.0,HF0253
Benedict Medical centre  HC IV,HC IV,Private Not For Profit,UCMB,Functional,32.64301,0.30274,GREATER KAMPALA,KAMPALA,,,102105,,KAMPALA,KAMPALA CAPITAL CITY,NAKAWA,LUZIRA PRISONS,10210512,9969,3834.0,260.0,13803.0,HF0262
Butabika NATIONAL REFERAL HOSPITAL,NR Hospital,Government,MOH,Functional,32.6561,0.315,GREATER KAMPALA,KAMPALA,,,102105,,KAMPALA,KAMPALA CAPITAL CITY,NAKAWA,BUTABIKA,10210505,9398,10152.0,92.6,19550.0,HF0263
Naguru  Hospital  - China Uganda Friendship,RR Hospital,Government,MOH,Functional,32.60657,0.32898,GREATER KAMPALA,KAMPALA,,,102105,,KAMPALA,KAMPALA CAPITAL CITY,NAKAWA,NAGURU I,10210517,2330,2584.0,90.2,4914.0,HF0264
Lubaga HOSPITAL,General Hospital,Private Not For Profit,UCMB,Functional,32.551622,0.30797,GREATER KAMPALA,KAMPALA,,,102103,,KAMPALA,KAMPALA CAPITAL CITY,RUBAGA,LUNGUJJA,10210306,13569,15600.0,87.0,29169.0,HF0281
Mengo HOSPITAL,General Hospital,Private Not For Profit,,Functional,32.55999,0.31306,GREATER KAMPALA,KAMPALA,,,102103,,KAMPALA,KAMPALA CAPITAL CITY,RUBAGA,NAMIREMBE,10210310,7139,8353.0,85.5,15492.0,HF0282
Namungoona Orthodox Hospital HC III,General Hospital,Private Not For Profit,,Functional,32.54522,0.33817,GREATER KAMPALA,KAMPALA,,,102103,,KAMPALA,KAMPALA CAPITAL CITY,RUBAGA,LUBYA,10210305,30881,35371.0,87.3,66252.0,HF0283
Bbaale HC IV,HC IV,Government,MOH,Functional,32.88569,1.1056,CENTRAL II,KAYUNGA,BBAALE,BBAALE,112101,BBALE COUNTY,KAYUNGA,BBAALE,BBAALE,BBAALE,11210101,2869,2925.0,98.1,5794.0,HF0290
Kangulumira HC IV,HC IV,Government,MOH,Functional,33.03127,0.58534,CENTRAL II,KAYUNGA,NTENJERU,KANGULUMIRA,112202,NTENJERU COUNTY SOUTH,KAYUNGA,NTENJERU,KANGULUMIRA,KANGULUMIRA,11220201,7881,8818.0,89.4,16699.0,HF0298
Kayunga Hospital,General Hospital,Government,MOH,Functional,32.90342,0.70353,CENTRAL II,KAYUNGA,NTENJERU,KAYUNGA TOWN COUNCIL,112204,NTENJERU COUNTY NORTH,KAYUNGA,NTENJERU,KAYUNGA TOWN COUNCIL,KAYUNGA CENTRAL,11220402,4227,4912.0,86.1,9139.0,HF0304
Bukomero HC IV,HC IV,Government,MOH,Functional,32.03981,0.6907,CENTRAL II,KIBOGA,KIBOGA,BUKOMERO TOWN COUNCIL,103102,KIBOGA EAST COUNTY,KIBOGA,KIBOGA,BUKOMERO TOWN COUNCIL,KAKUNYU,10310201,3435,3605.0,95.3,7040.0,HF0316
Kiboga HOSPITAL,General Hospital,Government,MOH,Functional,31.776151,0.913794,CENTRAL II,KIBOGA,KIBOGA,KIBOGA TOWN COUNCIL,103106,KIBOGA EAST COUNTY,KIBOGA,KIBOGA,KIBOGA TOWN COUNCIL,KIBOGA TOWN WARD,10310603,1811,1664.0,108.8,3475.0,HF0327
Ntwetwe HC IV,HC IV,Government,MOH,Functional,31.58917,0.94932,CENTRAL II,KYANKWANZI,KIBOGA,NTWETWE  TOWN COUNCIL,123110,NTWETWE COUNTY,KYANKWANZI,KIBOGA,NTWETWE  TOWN  COUNCIL,CENTRAL WARD,12311001,2310,2367.0,97.6,4677.0,HF0354
Bombo General Military HOSPITAL,General Hospital,Government,Army,Functional,32.53631,0.58475,CENTRAL II,LUWERO,KATIKAMU,BOMBO TOWN COUNCIL,104201,KATIKAMU COUNTY SOUTH,LUWERO,KATIKAMU,BOMBO TOWN COUNCIL,LOMULE,10420103,2044,2236.0,91.4,4280.0,HF0362
Kalagala HC IV,HC IV,Government,MOH,Functional,32.67677,0.5943,CENTRAL II,LUWERO,BAMUNANIKA,KALAGALA,104102,BAMUNANIKA COUNTY,LUWERO,BAMUNANIKA,KALAGALA,BUSIIKA,10410201,4284,4569.0,93.8,8853.0,HF0376
Luwero HC IV,HC IV,Government,MOH,Functional,32.606311,0.683861,CENTRAL II,LUWERO,BAMUNANIKA,BAMUNANIKA,104101,BAMUNANIKA COUNTY,LUWERO,BAMUNANIKA,BAMUNANIKA,KYAMPISI,10410104,4019,4101.0,98.0,8120.0,HF0401
Bishop Asili Ceaser HC IV,HC IV,Private Not For Profit,UCMB,Functional,32.66096,0.663464,CENTRAL II,LUWERO,BAMUNANIKA,ZIROBWE,104105,BAMUNANIKA COUNTY,LUWERO,BAMUNANIKA,ZIROBWE,BUKIMU,10410502,4629,4851.0,95.4,9480.0,HF0402
Nyimbwa HC IV,HC IV,Government,MOH,Functional,32.487199,0.877101,CENTRAL II,LUWERO,KATIKAMU,LUWERO,104205,KATIKAMU COUNTY NORTH,LUWERO,KATIKAMU,LUWERO,KASAALA,10420505,1722,1740.0,99.0,3462.0,HF0411
Kiwangala HC IV,HC IV,Government,MOH,Functional,31.51589,-0.47508,CENTRAL I,LWENGO,BUKOTO,KISEKKA,124101,BUKOTO COUNTY SOUTH,LWENGO,BUKOTO,KISEKKA,KIWANGALA,12410108,4523,4879.0,92.7,9402.0,HF0429
Kyazanga HC IV,HC IV,Government,MOH,Functional,31.31989,-0.38311,CENTRAL I,LWENGO,BUKOTO,KYAZANGA TOWN COUNCIL,124104,BUKOTO COUNTY WEST,LWENGO,BUKOTO,KYAZANGA TOWN COUNCIL,CENTRAL,12410401,1793,1886.0,95.1,3679.0,HF0438
Lwengo HC IV,HC IV,Government,MOH,Functional,31.44103,-0.43718,CENTRAL I,LWENGO,BUKOTO,LWENGO,124105,BUKOTO COUNTY MID-WEST,LWENGO,BUKOTO,LWENGO,KITO,12410502,5150,5367.0,96.0,10517.0,HF0446
Lyantonde HOSPITAL,General Hospital,Government,MOH,Functional,31.15287,-0.39364,CENTRAL I,LYANTONDE,KABULA,LYANTONDE TOWN COUNCIL,114105,KABULA COUNTY,LYANTONDE,KABULA,LYANTONDE TOWN COUNCIL,KALIIRO,11410501,1910,2106.0,90.7,4016.0,HF0465
Masaka REGIONAL REF HOSPITAL,RR Hospital,Government,MOH,Functional,31.7344,-0.3294,CENTRAL I,MASAKA,MASAKA MUNICIPALITY,KIMAANYA-KYABAKUZA DIVISION,105202,MASAKA MUNICIPALITY,MASAKA,MASAKA MUNICIPALITY,KIMAANYA-KYABAKUZA,KIMAANYA,10520201,12669,13611.0,93.1,26280.0,HF0494
Kyannamukaaka HC IV,HC IV,Government,MOH,Functional,31.71043,-0.50911,CENTRAL I,MASAKA,BUKOTO,KYANAMUKAAKA,105104,BUKOTO COUNTY CENTRAL,MASAKA,BUKOTO,KYANAMUKAAKA,KYANTALE,10510404,3884,3771.0,103.0,7655.0,HF0499
Kiyumba HC IV,HC IV,Government,MOH,Functional,31.81864,-0.33847,CENTRAL I,MASAKA,BUKOTO,MUKUNGWE,105106,BUKOTO COUNTY EAST,MASAKA,BUKOTO,MUKUNGWE,BULAYI,10510602,2120,2148.0,98.7,4268.0,HF0505
St. Joseph Kitovu HOSPITAL,General Hospital,Private Not For Profit,UCMB,Functional,31.75956,-0.34402,CENTRAL I,MASAKA,MASAKA MUNICIPALITY,NYENDO-SSENYANGE DIVISION,105203,MASAKA MUNICIPALITY,MASAKA,MASAKA MUNICIPALITY,NYENDO-SSENYANGE,SSENYANGE,10520302,4315,4540.0,95.0,8855.0,HF0506
Mwera HC IV,HC IV,Government,MOH,Functional,32.12009,0.31608,CENTRAL II,MITYANA,BUSUJJU,KAKINDU,115103,BUSUJJU COUNTY,MITYANA,BUSUJJU,KAKINDU,MWERA,11510302,1619,1426.0,113.5,3045.0,HF0537
Kyantungo HC IV,HC IV,Government,MOH,,32.02506,0.585167,CENTRAL II,MITYANA,MITYANA,KALANGAALO,115202,MITYANA COUNTY NORTH,MITYANA,MITYANA,KALANGALO,KIRYOKYA,11520207,1373,1407.0,97.6,2780.0,HF0540
Mityana HOSPITAL,General Hospital,Government,MOH,Functional,32.04131,0.3978,CENTRAL II,MITYANA,MITYANA MUNICIPALITY,CENTRAL DIVISION,115302,MITYANA MUNICIPALITY,MITYANA,MITYANA MUNICIPALITY,CENTRAL DIVISION,CENTRAL WARD,11530201,2394,2838.0,84.4,5232.0,HF0550
Ssekanyonyi HC IV,HC IV,Government,MOH,Functional,32.14177,0.50056,CENTRAL II,MITYANA,MITYANA,SSEKANYONYI,115205,MITYANA COUNTY SOUTH,MITYANA,MITYANA,SSEKANYONYI,SEKANYONYI,11520510,4233,4048.0,104.6,8281.0,HF0560
Mpigi   HC IV,HC IV,Government,MOH,Functional,32.32213,0.22554,CENTRAL I,MPIGI,MAWOKOTA,MPIGI TOWN COUNCIL,106105,MAWOKOTA COUNTY NORTH,MPIGI,MAWOKOTA,MPIGI TOWN COUNCIL,WARD B,10610509,2500,3052.0,81.9,5552.0,HF0583
Nkozi HOSPITAL,General Hospital,Private Not For Profit,UCMB,Functional,32.01653,0.00257,CENTRAL I,MPIGI,MAWOKOTA,NKOZI,106107,MAWOKOTA COUNTY SOUTH,MPIGI,MAWOKOTA,NKOZI,BUSEESE,10610702,1801,1920.0,93.8,3721.0,HF0588
Kassanda HC IV,HC IV,Government,MOH,Functional,31.8214,0.5515,CENTRAL II,MUBENDE,KASSANDA,KASSANDA,107303,KASSANDA COUNTY NORTH,MUBENDE,KASSANDA,KASSANDA,KASSANDA TOWN BOARD,10730304,3622,3646.0,99.3,7268.0,HF0608
Kiganda HC IV,HC IV,Government,MOH,Functional,31.68427,0.44964,CENTRAL II,MUBENDE,KASSANDA,KIGANDA,107304,KASSANDA COUNTY SOUTH,MUBENDE,KASSANDA,KIGANDA,KIJJOMANYI,10730406,2708,2590.0,104.6,5298.0,HF0615
Mubende RR HOSPITAL,RR Hospital,Government,MOH,Functional,31.39248,0.56742,CENTRAL II,MUBENDE,MUBENDE MUNICIPALITY,EASTERN DIVISION,107401,MUBENDE MUNICIPALITY,MUBENDE,MUBENDE MUNICIPALITY,EASTERN DIVISION,KYATEREKERA,10740105,1381,1391.0,99.3,2772.0,HF0650
Mukono  T.C. HC IV,HC IV,Government,MOH,Functional,32.74702,0.36091,GREATER KAMPALA,MUKONO,MUKONO MUNICIPALITY,CENTRAL DIVISION,108201,MUKONO MUNICIPALITY,MUKONO,MUKONO MUNICIPALITY,CENTRAL DIVISION,NTAWO WARD,10820104,6432,8143.0,79.0,14575.0,HF0678
Mukono CoU HC IV,HC IV,Private Not For Profit,,Functional,32.74959,0.35865,GREATER KAMPALA,MUKONO,MUKONO MUNICIPALITY,CENTRAL DIVISION,108201,MUKONO MUNICIPALITY,MUKONO,MUKONO MUNICIPALITY,CENTRAL DIVISION,NSUUBE KAUGA,10820103,6368,7251.0,87.8,13619.0,HF0679
St. Francis HOSPITAL Naggalama,General Hospital,Private Not For Profit,UCMB,Functional,32.78198,0.52425,GREATER KAMPALA,MUKONO,NAKIFUMA,NABBAALE,108303,NAKIFUMA COUNTY,MUKONO,NAKIFUMA,NABBAALE,NAGGALAMA,10830304,4222,4873.0,86.6,9095.0,HF0680
Kojja HC IV,HC IV,Government,MOH,Functional,32.79638,0.20796,GREATER KAMPALA,MUKONO,MUKONO,NTENJERU,108107,MUKONO COUNTY SOUTH,MUKONO,MUKONO,NTENJERU,NTANZI,10810704,6253,6584.0,95.0,12837.0,HF0698
Kiwoko HOSPITAL,General Hospital,Private Not For Profit,,Functional,32.36132,0.84015,CENTRAL II,NAKASEKE,NAKASEKE,KIWOKO TOWN COUNCIL,116108,NAKASEKE NORTH COUNTY,NAKASEKE,NAKASEKE,KIWOKO TOWN COUNCIL,KIWOKO CENTRAL,11610801,1476,1706.0,86.5,3182.0,HF0715
Nakaseke HOSPITAL,General Hospital,Government,MOH,Functional,32.39886,0.71746,CENTRAL II,NAKASEKE,NAKASEKE,NAKASEKE TOWN COUNCIL,116110,NAKASEKE SOUTH COUNTY,NAKASEKE,NAKASEKE,NAKASEKE TOWN COUNCIL,CENTRAL WARD,11611001,909,1005.0,90.4,1914.0,HF0718
Ngoma HC IV,HC IV,Government,MOH,Functional,32.1744,1.17613,CENTRAL II,NAKASEKE,NAKASEKE,KINYOGOGA,116106,NAKASEKE NORTH COUNTY,NAKASEKE,NAKASEKE,KINYOGOGA,BUWANA,11610601,1172,806.0,145.4,1978.0,HF0720
Semuto HC IV,HC IV,Government,MOH,Functional,32.32708,0.62263,CENTRAL II,NAKASEKE,NAKASEKE,SEMUTO TOWN COUNCIL,116114,NAKASEKE SOUTH COUNTY,NAKASEKE,NAKASEKE,SEMUTO TOWN COUNCIL,HEALTH CENTRE,11611401,1101,1082.0,101.8,2183.0,HF0724
St. Franciscan HC IV,HC IV,Private Not For Profit,Local Government,Functional,32.46718,1.06564,CENTRAL II,NAKASONGOLA,BURULI,KAKOOGE TOWN COUNCIL,109102,NAKASONGOLA COUNTY,NAKASONGOLA,BULURI,KAKOOGE TOWN COUNCIL,KAKOOGE NORTH WARD,10910203,1527,1676.0,91.1,3203.0,HF0732
Nakasongola Military HOSPITAL,General Hospital,Government,Army,Functional,32.49771,1.39135,CENTRAL II,NAKASONGOLA,BURULI,LWAMPANGA,109106,BUDYEBO COUNTY,NAKASONGOLA,BULURI,LWAMPANGA,WAJJALA,10910605,3205,2363.0,135.6,5568.0,HF0741
Nakasongola HC IV,HC IV,Government,MOH,Functional,32.466485,1.324991,CENTRAL II,NAKASONGOLA,BURULI,NAKASONGOLA TOWN COUNCIL,109109,NAKASONGOLA COUNTY,NAKASONGOLA,BULURI,NAKASONGOLA TOWN COUNCIL,CENTRAL WARD,10910901,2862,2393.0,119.6,5255.0,HF0752
Kakuuto HC IV,HC IV,Government,MOH,Functional,31.48059,-0.85906,CENTRAL I,RAKAI,KAKUUTO,KAKUUTO,110101,KAKUUTO COUNTY,RAKAI,KAKUUTO,KAKUUTO,KAKUUTO,11010102,3746,3825.0,97.9,7571.0,HF0773
Kalisizo HOSPITAL,General Hospital,Government,MOH,Functional,31.62277,-0.53569,CENTRAL I,RAKAI,KYOTERA,KALISIZO TOWN COUNCIL,110303,KYOTERA COUNTY,KYOTERA,KYOTERA,KALISIZO TOWN COUNCIL,CENTRAL WARD,12530302,3248,4179.0,77.7,7427.0,HF0777
Bamu  HOSPITAL,General Hospital,Private For Profit,Local Government,Functional,31.49315,-0.24348,CENTRAL I,SSEMBABULE,MAWOGOLA,MATEETE TOWN COUNCIL,111204,MAWOGOLA COUNTY,SSEMBABULE,MAWOGOLA,MATEETE  TOWN COUNCIL,MATEETE  CENTRAL,11120403,1381,1578.0,87.5,2959.0,HF0854
Ntuusi HC IV,HC IV,Government,MOH,Functional,31.214605,0.054474,CENTRAL I,SSEMBABULE,LWEMIYAGA,NTUUSI,111102,LWEMIYAGA COUNTY,SSEMBABULE,LWEMIYAGA,NTUSI,NTUUSI,11110206,3288,3047.0,107.9,6335.0,HF0859
Ssembabule HC IV,HC IV,Government,MOH,Functional,31.461373,-0.088239,CENTRAL I,SSEMBABULE,MAWOGOLA,SSEMBABULE TOWN COUNCIL,111206,MAWOGOLA NORTH COUNTY,SSEMBABULE,MAWOGOLA,SSEMBABULE  TOWN COUNCIL,DISPENSARY WARD,11120601,1407,1435.0,98.0,2842.0,HF0860
Buwambo HC IV,HC IV,Government,Local Government,Functional,32.54581,0.50131,GREATER KAMPALA,WAKISO,NANSANA MUNICIPALITY,GOMBE DIVISION,113602,NANSANA MUNICIPALITY,WAKISO,NANSANA MUNICIPALITY,GOMBE DIVISION,BUWAMBO,11360201,5097,5213.0,97.8,10310.0,HF0873
Luwunga Barracks HC IV,HC IV,,Army,,32.40523,0.40431,GREATER KAMPALA,WAKISO,BUSIRO,KAKIRI,113102,BUSIRO COUNTY NORTH,WAKISO,BUSIRO,KAKIRI,LUWUNGA,11310202,3182,2956.0,107.6,6138.0,HF0883
Kisubi HOSPITAL,General Hospital,Private Not For Profit,UCMB,Functional,32.5369,0.1218,GREATER KAMPALA,WAKISO,BUSIRO,KATABI  TOWN COUNCIL,113105,BUSIRO COUNTY SOUTH,WAKISO,BUSIRO,KATABI TOWN COUNCIL,KISUBI,11310502,12027,13494.0,89.1,25521.0,HF0887
Uganda Martyrs HOSPITAL,General Hospital,Private Not For Profit,Local Government,Functional,32.653,0.37667,GREATER KAMPALA,WAKISO,KIRA MUNICIPALITY,NAMUGONGO DIVISION,113303,KIRA MUNICIPALITY,WAKISO,KIRA MUNICIPALITY,NAMUGONGO DIVISION,KYALIWAJALA,11330302,23803,28118.0,84.7,51921.0,HF0889
Namayumba HC IV,HC IV,Government,MOH,Functional,32.26561,0.52163,GREATER KAMPALA,WAKISO,BUSIRO,NAMAYUMBA TOWN COUNCIL,113110,BUSIRO COUNTY NORTH,WAKISO,BUSIRO,NAMAYUMBA TOWN COUNCIL,LUGUZI,11311003,2975,3169.0,93.9,6144.0,HF0919
Saidina Abubakar Islamic HOSPITAL,General Hospital,Private Not For Profit,UMMB,Functional,32.53495,0.43534,GREATER KAMPALA,WAKISO,KYADONDO,KASANGATI TOWN COUNCIL,113406,KYADONDO COUNTY EAST,WAKISO,KYADONDO,KASANGATI TOWN COUNCIL,WATTUBA,11340609,6549,7150.0,91.6,13699.0,HF0921
Kasangati HC IV,HC IV,Government,MOH,Functional,32.60107,0.43513,GREATER KAMPALA,WAKISO,KYADONDO,KASANGATI TOWN COUNCIL,113406,KYADONDO COUNTY EAST,WAKISO,KYADONDO,KASANGATI TOWN COUNCIL,WAMPEEWO,11340608,12327,14407.0,85.6,26734.0,HF0926
Mildmay Uganda HOSPITAL,General Hospital,Private Not For Profit,,Functional,32.548866,0.229957,GREATER KAMPALA,WAKISO,MAKINDYE SSABAGABO MUNICIPALITY,NDEJJE DIVISION,113503,MAKINDYE-SSABAGABO MUNICIPALITY,WAKISO,SSABAGABO-MAKINDYE MUNICIPALITY,NDEJJE DIVISION,SEGUKU,11350303,9183,10419.0,88.1,19602.0,HF0940
Ndejje HC IV,HC IV,Government,MOH,Functional,32.5789,0.24284,GREATER KAMPALA,WAKISO,MAKINDYE SSABAGABO MUNICIPALITY,NDEJJE DIVISION,113503,MAKINDYE-SSABAGABO MUNICIPALITY,WAKISO,SSABAGABO-MAKINDYE MUNICIPALITY,NDEJJE DIVISION,NDEJJE,11350302,23660,27669.0,85.5,51329.0,HF0948
Wakiso HC IV,HC IV,Government,MOH,Functional,32.4774,0.39639,GREATER KAMPALA,WAKISO,BUSIRO,WAKISO TOWN COUNCIL,113114,BUSIRO COUNTY EAST,WAKISO,BUSIRO,WAKISO TOWN COUNCIL,MPUNGA WARD,11311405,3626,4199.0,86.4,7825.0,HF0957
Amuria HC IV,HC IV,Government,MOH,Functional,33.64034,2.03481,TESO,AMURIA,AMURIA,AMURIA TOWN COUNCIL,216103,AMURIA COUNTY,AMURIA,AMURIA,AMURIA TOWN COUNCIL,ALIRA,21610302,1094,1202.0,91.0,2296.0,HF0966
Kapelebyong HC IV,HC IV,Government,MOH,Functional,33.77463,2.27848,TESO,AMURIA,KAPELEBYONG,KAPELEBYONG,216203,KAPELEBYONG COUNTY,AMURIA,KAPELEBYONG,KAPELEBYONG,KAPELEBYONG TOWN BOARD,21620305,1270,1342.0,94.6,2612.0,HF0975
Budaka HC IV,HC IV,Government,MOH,Functional,33.95179,1.01983,BUKEDI,BUDAKA,BUDAKA,BUDAKA TOWN COUNCIL,217102,BUDAKA COUNTY,BUDAKA,BUDAKA,BUDAKA TOWN COUNCIL,BWASE,21710202,3178,3677.0,86.4,6855.0,HF0998
Bududa HOSPITAL,General Hospital,Government,MOH,Functional,34.332262,1.00907,BUGISU_SEBEI,BUDUDA,MANJIYA,BUDUDA TOWN COUNCIL,218102,MANJIYA COUNTY,BUDUDA,MANJIYA,BUDUDA TOWN COUNCIL,BULOLI SOUTH,21810202,692,796.0,86.9,1488.0,HF1015
Bugiri HOSPITAL,General Hospital,Government,MOH,Functional,33.742088,0.575261,BUSOGA,BUGIRI,BUGIRI MUNICIPALITY,WESTERN DIVISION,201102,BUGIRI MUNICIPALITY,BUGIRI,BUGIRI MUNICIPALITY,WESTERN DIVISION,NDIFAKULYA  WARD,20110202,3021,3532.0,85.5,6553.0,HF1032
Nankoma HC IV,HC IV,Government,MOH,Functional,33.678343,0.454007,BUSOGA,BUGIRI,BUKOOLI NORTH,NANKOMA,201211,BUKOOLI COUNTY CENTRAL,BUGIRI,BUKOOLI,NANKOMA,NANKOMA TOWN BOARD,20121106,4145,4597.0,90.2,8742.0,HF1063
Bukedea HC IV,HC IV,Government,MOH,Functional,34.04192,1.33219,TESO,BUKEDEA,BUKEDEA,BUKEDEA TOWN COUNCIL,219102,BUKEDEA COUNTY,BUKEDEA,BUKEDEA,BUKEDEA TOWN COUNCIL,KACHABULE,21910204,1171,1247.0,93.9,2418.0,HF1065
Muyembe HC IV,HC IV,Government,MOH,Functional,34.29106,1.33071,BUGISU_SEBEI,BULAMBULI,BULAMBULI,BULAMBULI TOWN COUNCIL,225104,BULAMBULI COUNTY,BULAMBULI,BULAMBULI,BULAMBULI TOWN COUNCIL,ADMINISTRATION,22510401,398,521.0,76.4,919.0,HF1092
Dabani HOSPITAL,General Hospital,Private Not For Profit,UCMB,Functional,34.051798,0.439779,BUKEDI,BUSIA,SAMIA-BUGWE,DABANI,202207,SAMIA BUGWE COUNTY NORTH,BUSIA,SAMIA-BUGWE,DABANI,DABANI,20220704,3380,3462.0,97.6,6842.0,HF1113
Busolwe HOSPITAL,General Hospital,Government,MOH,Functional,33.928311,0.852506,BUKEDI,BUTALEJA,BUNYOLE,BUSOLWE TOWN COUNCIL,221105,BUNYOLE WEST COUNTY,BUTALEJA,BUNYOLE,BUSOLWE TOWN COUNCIL,BUSOLWE,22110501,1878,2180.0,86.1,4058.0,HF1125
Kabasa Memorial HOSPITAL,General Hospital,Private Not For Profit,Local Government,Functional,34.0327,0.95557,BUKEDI,BUTALEJA,BUNYOLE,MAZIMASA,221110,BUNYOLE EAST COUNTY,BUTALEJA,BUNYOLE,MAZIMASA,LUBEMBE,22111005,3880,4084.0,95.0,7964.0,HF1130
Kidera HC IV,HC IV,Government,MOH,Functional,32.989,1.33687,BUSOGA,BUYENDE,BUDIOPE,KIDERA,226106,BUDIOPE WEST COUNTY,BUYENDE,BUDIOPE,KIDERA,KIDERA PARISH,22610605,4622,4834.0,95.6,9456.0,HF1147
Busesa HC IV,HC IV,Government,MOH,Functional,33.59166,0.62609,BUSOGA,IGANGA,BUGWERI,IBULANKU,203103,BUGWERI COUNTY,IGANGA,BUGWERI,IBULANKU,IBAAKO,20310303,2913,3180.0,91.6,6093.0,HF1165
Iganga HOSPITAL,General Hospital,Government,MOH,Functional,33.48449,0.61649,BUSOGA,IGANGA,IGANGA MUNICIPALITY,CENTRAL DIVISION,203201,IGANGA MUNICIPALITY,IGANGA,IGANGA MUNICIPALITY,CENTRAL,NAKAVULE,20320105,2544,3192.0,79.7,5736.0,HF1166
Bugono HC IV,HC IV,Government,MOH,Functional,33.45024,0.81084,BUSOGA,IGANGA,KIGULU,NABITENDE,203302,KIGULU COUNTY NORTH,IGANGA,KIGULU,NABITENDE,BUGONO,20330201,1417,1516.0,93.5,2933.0,HF1180
Budondo HC IV,HC IV,Government,MOH,Functional,33.16165,0.51725,BUSOGA,JINJA,KAGOMA,BUDONDO,204301,KAGOMA COUNTY,JINJA,KAGOMA,BUDONDO,NAMIZI PARISH,20430104,5477,5859.0,93.5,11336.0,HF1207
Bugembe HC IV,HC IV,Government,MOH,Functional,33.23708,0.46433,BUSOGA,JINJA,BUTEMBE,BUGEMBE TOWN COUNCIL,204101,BUTEMBE COUNTY,JINJA,BUTEMBE,BUGEMBE TOWN COUNCIL,BUDUMBULI WEST WARD,20410102,5143,5305.0,96.9,10448.0,HF1209
Buwenge NGO Hospital,General Hospital,Private Not For Profit,UMMB,Functional,33.17278,0.64781,BUSOGA,JINJA,KAGOMA,BUWENGE TOWN COUNCIL,204304,KAGOMA COUNTY,JINJA,KAGOMA,BUWENGE TOWN COUNCIL,BUWENGE SOUTH WARD,20430404,2449,2804.0,87.3,5253.0,HF1234
Buwenge HC IV,HC IV,Government,MOH,Functional,33.16965,0.65229,BUSOGA,JINJA,KAGOMA,BUWENGE TOWN COUNCIL,204304,KAGOMA COUNTY,JINJA,KAGOMA,BUWENGE TOWN COUNCIL,BUWENGE  NORTH WARD,20430402,2568,2885.0,89.0,5453.0,HF1237
Walukuba HC IV,HC IV,Government,MOH,Functional,33.22508,0.43824,BUSOGA,JINJA,JINJA MUNICIPALITY,MPUMUDDE DIVISION,204202,JINJA MUNICIPALITY WEST,JINJA,JINJA MUNICIPALITY,MASESE WALUKUBA DIVISION,WALUKUBA WEST WARD,20420303,3573,3552.0,100.6,7125.0,HF1246
Mpumudde HC IV,HC IV,Government,MOH,Functional,33.21235,0.45993,BUSOGA,JINJA,JINJA MUNICIPALITY,MPUMUDDE DIVISION,204202,JINJA MUNICIPALITY WEST,JINJA,JINJA MUNICIPALITY,MPUMUDDE DIVISION,RUBAGA WARD,20420204,6427,6180.0,104.0,12607.0,HF1249
Kakira Worker's HOSPITAL,General Hospital,Private For Profit,,Functional,33.29428,0.50921,BUSOGA,JINJA,BUTEMBE,KAKIRA TOWN COUNCIL,204103,BUTEMBE COUNTY,JINJA,BUTEMBE,KAKIRA TOWN COUNCIL,KAKIRA WARD,20410302,1711,1242.0,137.8,2953.0,HF1250
Kaberamaido HC IV,HC IV,Government,MOH,Functional,33.16359,1.77863,TESO,KABERAMAIDO,KABERAMAIDO,KABERAMAIDO TOWN COUNCIL,213104,KABERAMAIDO COUNTY,KABERAMAIDO,KABERAMAIDO,KABERAMAIDO TOWN COUNCIL,ALEM,21310401,247,262.0,94.3,509.0,HF1269
Lwala HOSPITAL,General Hospital,Private Not For Profit,UCMB,Functional,33.27758,1.86232,TESO,KABERAMAIDO,KALAKI,OTUBOI,213206,KALAKI COUNTY,KABERAMAIDO,KALAKI,OTUBOI,LWALA,21320603,4358,4591.0,94.9,8949.0,HF1276
Bumanya HC IV,HC IV,Government,MOH,Functional,33.49555,1.00204,BUSOGA,KALIRO,BULAMOGI,BUMANYA,222103,BULAMOGI COUNTY,KALIRO,BULAMOGI,BUMANYA,BUMANYA,22210301,4387,4561.0,96.2,8948.0,HF1281
Kamuli HOSPITAL,General Hospital,Government,MOH,Functional,33.12034,0.95039,BUSOGA,KAMULI,KAMULI MUNICIPALITY,SOUTHERN DIVISION,205302,KAMULI MUNICIPALITY,KAMULI,KAMULI MUNICIPALITY,SOUTHERN DIVISION,KAMULI NAMWENDWA,20530202,3807,3969.0,95.9,7776.0,HF1312
Kamuli Mission Hospital,General Hospital,Private Not For Profit,UCMB,Functional,33.12793,0.93169,BUSOGA,KAMULI,KAMULI MUNICIPALITY,NORTHERN DIVISION,205301,KAMULI MUNICIPALITY,KAMULI,KAMULI MUNICIPALITY,NORTHERN DIVISION,KISOIGO,20530103,3094,3909.0,79.2,7003.0,HF1313
Nankandulo HC IV,HC IV,Government,MOH,Functional,33.07762,0.67919,BUSOGA,KAMULI,BUZAAYA,KISOZI,205202,BUZAAYA COUNTY,KAMULI,BUZAAYA,KISOZI,NAKADULO,20520209,3463,3712.0,93.3,7175.0,HF1322
Namwendwa HC IV,HC IV,Government,MOH,Functional,33.24814,0.92059,BUSOGA,KAMULI,BUGABULA,NAMWENDWA,205107,BUGABULA COUNTY SOUTH,KAMULI,BUGABULA,NAMWENDWA,NAMWENDWA,20510709,3501,4336.0,80.7,7837.0,HF1340
Kapchorwa HOSPITAL,General Hospital,Government,MOH,Functional,34.44148,1.40541,BUGISU_SEBEI,KAPCHORWA,KAPCHORWA MUNICIPALITY,CENTRAL DIVISION,206201,KAPCHORWA MUNICIPALITY,KAPCHORWA,KAPCHORWA MUNICIPALITY,CENTRAL DIVISION,CHEPSIKIROI,20620103,1512,1731.0,87.3,3243.0,HF1354
Katakwi General Hospital,General Hospital,Government,MOH,Functional,33.96227,1.92008,TESO,KATAKWI,USUK,KATAKWI TOWN COUNCIL,207202,USUK COUNTY,KATAKWI,USUK,KATAKWI TOWN COUNCIL,NORTHERN WARD,20720201,2061,2101.0,98.1,4162.0,HF1375
Toroma HC IV,HC IV,Government,MOH,Functional,33.96714,1.75491,TESO,KATAKWI,TOROMA,TOROMA,207104,TOROMA COUNTY,KATAKWI,TOROMA,TOROMA,TOROMA,20710404,828,855.0,96.8,1683.0,HF1390
Kibuku HC IV,HC IV,Government,MOH,Functional,33.79967,1.05046,BUKEDI,KIBUKU,KIBUKU,KIBUKU TOWN COUNCIL,227108,KIBUKU COUNTY,KIBUKU,KIBUKU,KIBUKU TOWN COUNCIL,KOBOLWA WARD,22710803,1011,1135.0,89.1,2146.0,HF1405
Atutur HOSPITAL,General Hospital,Government,MOH,Functional,33.990778,1.412704,TESO,KUMI,KUMI,ATUTUR,208101,KUMI COUNTY,KUMI,KUMI,ATUTUR,ATUTUR,20810108,2086,2219.0,94.0,4305.0,HF1408
Kumi HC IV,HC IV,Government,MOH,Functional,33.97501,1.530615,TESO,KUMI,KUMI,ONGINO,208107,KUMI COUNTY,KUMI,KUMI,ONGINO,KACHABOI,20810705,1774,2031.0,87.3,3805.0,HF1419
Kadami HOSPITAL,General Hospital,Private Not For Profit,Local Government,Functional,33.80859,1.34172,TESO,KUMI,KUMI,MUKONGORO,208105,KANYUM COUNTY,KUMI,KUMI,MUKONGORO,KACHABOI,20810504,947,1043.0,90.8,1990.0,HF1421
Kumi NGO HOSPITAL,General Hospital,Private Not For Profit,,Functional,34.00482,1.55895,TESO,KUMI,KUMI,ONGINO,208107,KUMI COUNTY,KUMI,KUMI,ONGINO,ONGINO,20810714,1490,1541.0,96.7,3031.0,HF1431
Kaproron HC IV,HC IV,Government,MOH,Functional,34.61584,1.42451,BUGISU_SEBEI,KWEEN,KWEEN,KAPRORON,228104,KWEEN COUNTY,KWEEN,KWEEN,KAPRORON,KAPRORON TOWN BOARD,22810403,639,714.0,89.5,1353.0,HF1438
Kiyunga HC IV,HC IV,Government,MOH,Functional,33.33111,0.76647,BUSOGA,LUUKA,LUUKA,LUUKA TOWN COUNCIL,229106,LUUKA NORTH COUNTY,LUUKA,LUUKA,LUUKA TOWN COUNCIL,KIYUNGA,22910604,1373,1609.0,85.3,2982.0,HF1475
Bugobero HC IV,HC IV,Government,MOH,Functional,34.25272,0.86533,BUGISU_SEBEI,MANAFWA,BUBULO,BUGOBERO,223102,BUBULO COUNTY WEST,MANAFWA,BUBULO,BUGOBERO,BUGOBERO TOWN BOARD,22310201,887,979.0,90.6,1866.0,HF1483
Bubulo HC IV,HC IV,Government,MOH,Functional,34.28036,0.9567,BUGISU_SEBEI,MANAFWA,BUBULO,MANAFWA TOWN COUNCIL,223122,BUBULO COUNTY WEST,MANAFWA,BUBULO,MANAFWA TOWN COUNCIL,BUBULO WARD,22312202,1758,1909.0,92.1,3667.0,HF1492
Kigandalo HC IV,HC IV,Government,MOH,Functional,33.62108,0.38962,BUSOGA,MAYUGE,BUNYA,KIGANDALO,214108,BUNYA COUNTY EAST,MAYUGE,BUNYA,KIGANDALO,KIGANDALO,21410803,3011,3365.0,89.5,6376.0,HF1515
Bufumbo HC IV,HC IV,Government,MOH,Functional,34.23246,1.10115,BUGISU_SEBEI,MBALE,BUNGOKHO,BUKONDE,209106,BUNGOKHO COUNTY NORTH,MBALE,BUNGOKHO,BUKONDE,BULWETA,20910601,4572,4950.0,92.4,9522.0,HF1524
Busiu HC IV,HC IV,Government,MOH,Functional,34.160205,0.921866,BUGISU_SEBEI,MBALE,BUNGOKHO,BUSIU TOWN COUNCIL,209121,BUNGOKHO COUNTY SOUTH,MBALE,BUNGOKHO,BUSIU TOWN COUNCIL,BUSIU TOWNBOARD,20912104,939,1042.0,90.1,1981.0,HF1530
Cure Children's Hospital,General Hospital,Private Not For Profit,,Functional,34.171724,1.073644,BUGISU_SEBEI,MBALE,MBALE MUNICIPALITY,INDUSTRIAL DIVISON,209201,MBALE MUNICIPALITY,MBALE,MBALE MUNICIPALITY,INDUSTRIAL DIVISION,SOUTH CENTRAL,20920104,1555,1676.0,92.8,3231.0,HF1532
Namatala HC IV,HC IV,Government,MOH,Functional,34.16483,1.085432,BUGISU_SEBEI,MBALE,MBALE MUNICIPALITY,INDUSTRIAL DIVISON,209201,MBALE MUNICIPALITY,MBALE,MBALE MUNICIPALITY,INDUSTRIAL DIVISION,NAMATALA,20920103,11199,12924.0,86.7,24123.0,HF1533
Mbale REGIONAL REF HOSPITAL,RR Hospital,Government,MOH,Functional,34.175455,1.077161,BUGISU_SEBEI,MBALE,MBALE MUNICIPALITY,NORTHERN DIVISION,209202,MBALE MUNICIPALITY,MBALE,MBALE MUNICIPALITY,NORTHERN,NORTH CENTRAL,20920205,1433,1759.0,81.5,3192.0,HF1536
Buyinja  HC IV,HC IV,Government,MOH,Functional,33.87629,0.3358,BUSOGA,NAMAYINGO,BUKOOLI,NAMAYINGO TOWN COUNCIL,230108,BUKOOLI COUNTY SOUTH,NAMAYINGO,BUKOOLI,NAMAYINGO TOWN COUNCIL,NASINU,23010805,1305,1427.0,91.5,2732.0,HF1547
Nsinze HC IV,HC IV,Government,MOH,Functional,33.60926,0.81833,BUSOGA,NAMUTUMBA,BUSIKI,NSINZE,224107,BUSIKI COUNTY,NAMUTUMBA,BUSIKI,NSINZE,NSINZE,22410705,2660,2697.0,98.6,5357.0,HF1583
Ngora Ngo HOSPITAL,General Hospital,Private Not For Profit,,Functional,33.7934,1.47733,TESO,NGORA,NGORA,NGORA TOWN COUNCIL,231105,NGORA COUNTY,NGORA,NGORA,NGORA TOWN,NORTHERN WARD,23110502,1564,1857.0,84.2,3421.0,HF1591
Ngora Gvt HC IV,HC IV,Government,MOH,Functional,33.80532,1.49346,TESO,NGORA,NGORA,NGORA,231104,NGORA COUNTY,NGORA,NGORA,NGORA,APAMA,23110403,977,992.0,98.5,1969.0,HF1595
Butebo HC IV,HC IV,Government,MOH,Functional,33.918499,1.201598,BUKEDI,PALLISA,BUTEBO,BUTEBO,210101,BUTEBO COUNTY,BUTEBO,BUTEBO,BUTEBO,KASYEBAI,23310104,4419,4423.0,99.9,8842.0,HF1600
Kanginima HOSPITAL,General Hospital,Government,,Functional,33.99635,1.19585,BUKEDI,PALLISA,BUTEBO,KANGINIMA,210104,BUTEBO COUNTY,BUTEBO,BUTEBO,KANGINIMA,KANGINIMA,23310401,1370,1539.0,89.0,2909.0,HF1609
Pallisa HOSPITAL,General Hospital,Government,MOH,Functional,33.711171,1.178446,BUKEDI,PALLISA,PALLISA,PALLISA TOWN COUNCIL,210205,PALLISA COUNTY,PALLISA,PALLISA,PALLISA TOWN COUNCIL,HOSPITAL WARD,21020502,2112,2369.0,89.2,4481.0,HF1617
Apapai HC IV,HC IV,Government,MOH,Functional,33.29067,1.52954,TESO,SERERE,KASILO,BUGONDO,232101,KASILO COUNTY,SERERE,KASILO,BUGONDO,KONGOKOTO,23210104,3846,4189.0,91.8,8035.0,HF1629
Serere HC IV,HC IV,Government,MOH,Functional,33.45971,1.52179,TESO,SERERE,SERERE,SERERE TOWN COUNCIL,232205,SERERE COUNTY,SERERE,SERERE,SERERE TOWN COUNCIL,OSUGURO,23220503,2205,2281.0,96.7,4486.0,HF1643
Budadiri HC IV,HC IV,Government,MOH,Functional,34.32841,1.17328,BUGISU_SEBEI,SIRONKO,BUDADIRI,BUDADIRI TOWN COUNCIL,215101,BUDADIRI COUNTY EAST,SIRONKO,BUDADIRI,BUDADIRI TOWN COUNCIL,BUNYODDE WARD,21510102,2538,2539.0,100.0,5077.0,HF1647
Buwasa HC IV,HC IV,Government,MOH,Functional,34.27368,1.14055,BUGISU_SEBEI,SIRONKO,BUDADIRI,BUWASA,215116,BUDADIRI COUNTY WEST,SIRONKO,BUDADIRI,BUWASA,BUMASABA,21511604,791,756.0,104.6,1547.0,HF1667
ATIRIR HC IV,HC IV,Government,MOH,Functional,33.45841,1.90514,TESO,SOROTI,SOROTI,KATINE,211104,DAKABELA COUNTY,SOROTI,SOROTI,KATINE,OJAMA,21110403,2264,2289.0,98.9,4553.0,HF1688
Princes Diana HC IV,HC IV,Government,MOH,Functional,33.62114,1.74807,TESO,SOROTI,SOROTI  MUNICIPALITY,EASTERN DIVISION,211202,SOROTI MUNICIPALITY,SOROTI,SOROTI MUNICIPALITY,NORTHERN DIVISION,MADERA WARD,21120104,2571,2858.0,90.0,5429.0,HF1697
Soroti REGIONAL REF HOSPITAL,RR Hospital,Government,MOH,Functional,33.61395,1.71849,TESO,SOROTI,SOROTI  MUNICIPALITY,EASTERN DIVISION,211202,SOROTI MUNICIPALITY,SOROTI,SOROTI MUNICIPALITY,NORTHERN DIVISION,PIONEER WARD,21120101,927,996.0,93.1,1923.0,HF1698
Mukuju HC IV,HC IV,Government,MOH,Functional,34.190183,0.747797,BUKEDI,TORORO,TORORO,MUKUJU,212106,TORORO NORTH COUNTY,TORORO,TORORO,MUKUJU,MUKUJU,21210605,2771,2879.0,96.2,5650.0,HF1722
Mulanda HC IV,HC IV,Government,MOH,Functional,33.95195,0.65516,BUKEDI,TORORO,WEST BUDAMA,MULANDA,212305,WEST BUDAMA COUNTY SOUTH,TORORO,WEST BUDAMA (KISOLO),MULANDA,MULANDA,21230502,6485,6942.0,93.4,13427.0,HF1726
Nagongera HC IV,HC IV,Government,MOH,Functional,34.024967,0.772335,BUKEDI,TORORO,WEST BUDAMA,NAGONGERA TOWN COUNCIL,212308,WEST BUDAMA COUNTY NORTH,TORORO,WEST BUDAMA (KISOLO),NAGONGERA TOWN COUNCIL,EASTERN,21230802,1179,1248.0,94.5,2427.0,HF1734
Rubongi Military HOSPITAL,General Hospital,Government,Army,Functional,34.037279,0.65806,BUKEDI,TORORO,WEST BUDAMA,MULANDA,212305,WEST BUDAMA COUNTY SOUTH,TORORO,WEST BUDAMA (KISOLO),MULANDA,LWALA,21230501,6451,6819.0,94.6,13270.0,HF1747
Benedictine Eye HOSPITAL,General Hospital,Government,MOH,Functional,34.19622,0.70331,BUKEDI,TORORO,TORORO MUNICIPALITY,EASTERN DIVISION,212201,TORORO MUNICIPALITY,TORORO,TORORO MUNICIPALITY,EASTERN DIVISION,NYANGOLE,21220104,1286,1364.0,94.3,2650.0,HF1751
Tororo General HOSPITAL,General Hospital,Government,MOH,Functional,34.187079,0.697967,BUKEDI,TORORO,TORORO MUNICIPALITY,EASTERN DIVISION,212201,TORORO MUNICIPALITY,TORORO,TORORO MUNICIPALITY,EASTERN DIVISION,KASOLI,21220103,2187,2630.0,83.2,4817.0,HF1752
Benedictine EYE,General Hospital,Private Not For Profit,UCMB,Functional,34.20036,0.69698,BUKEDI,TORORO,TORORO MUNICIPALITY,EASTERN DIVISION,212201,TORORO MUNICIPALITY,TORORO,TORORO MUNICIPALITY,EASTERN DIVISION,KASOLI,21220103,2187,2630.0,83.2,4817.0,HF1753
St. Anthony'S Tororo HOSPITAL,General Hospital,Private Not For Profit,UCMB,Functional,34.179151,0.686363,BUKEDI,TORORO,TORORO MUNICIPALITY,WESTERN DIVISION,212202,TORORO MUNICIPALITY,TORORO,TORORO MUNICIPALITY,WESTERN DIVISION,AGURURU B,21220202,2107,2266.0,93.0,4373.0,HF1754
Divine Mercy HOSPITAL,General Hospital,Private For Profit,,Functional,34.17884,0.69186,BUKEDI,TORORO,TORORO MUNICIPALITY,WESTERN DIVISION,212202,TORORO MUNICIPALITY,TORORO,TORORO MUNICIPALITY,WESTERN DIVISION,CENTRAL,21220204,2362,2568.0,92.0,4930.0,HF1760
Abim HOSPITAL,General Hospital,Government,MOH,Functional,33.66236,2.67686,KARAMOJA,ABIM,LABWOR,ABIM TOWN COUNCIL,314102,LABWOR COUNTY,ABIM,LABWOR,ABIM TOWN COUNCIL,KALAKALA,31410201,1056,1097.0,96.3,2153.0,HF1769
Adjumani   HOSPITAL,General Hospital,Government,MOH,Functional,31.791966,3.377464,WEST NILE,ADJUMANI,EAST MOYO,ADJUMANI TOWN COUNCIL,301101,ADJUMANI WEST COUNTY,ADJUMANI,EAST MOYO,ADJUMANI TOWN COUNCIL,CENTRAL,30110102,5758,6225.0,92.5,11983.0,HF1785
Mungula HC IV,HC IV,Government,MOH,Functional,31.793447,3.192876,WEST NILE,ADJUMANI,EAST MOYO,ITIRIKWA,301106,ADJUMANI EAST COUNTY,ADJUMANI,EAST MOYO,ITIRIKWA,MUNGULA,30110604,3973,4427.0,89.7,8400.0,HF1805
Kalongo Ambrosoli Memorial HOSPITAL,General Hospital,Private Not For Profit,UCMB,Functional,33.43579,3.02789,ACHOLI,AGAGO,AGAGO,LAPONO,322107,AGAGO NORTH COUNTY,AGAGO,AGAGO,LAPONO,KAKET,32210702,2674,2738.0,97.7,5412.0,HF1831
Patongo HC III,HC IV,Government,MOH,Functional,33.303782,2.778143,ACHOLI,AGAGO,AGAGO,PATONGO TOWN COUNCIL,322115,AGAGO COUNTY,AGAGO,AGAGO,PATONGO TOWN COUNCIL,AKOMO,32211501,675,678.0,99.6,1353.0,HF1856
Alebtong HC IV,HC IV,Government,MOH,Functional,33.23659,2.26365,LANGO,ALEBTONG,MOROTO,ALEBTONG TOWN COUNCIL,323104,MOROTO COUNTY,ALEBTONG,MOROTO,ALEBTONG TOWN COUNCIL,ALYEC WARD,32310401,1056,1094.0,96.5,2150.0,HF1868
Amolatar HC IV,HC IV,Government,MOH,Functional,32.842983,1.640539,LANGO,AMOLATAR,KIOGA,AMOLATAR TOWN COUNCIL,315104,KIOGA COUNTY,AMOLATAR,KIOGA,AMOLATAR TOWN COUNCIL,INOMO,31510405,1192,1108.0,107.6,2300.0,HF1882
Atiak HC IV,HC IV,Government,MOH,Functional,32.122702,3.262006,ACHOLI,AMURU,KILAK,ATTIAK,316103,KILAK NORTH COUNTY,AMURU,KILAK,ATIAAK,KAL,31610302,2357,2623.0,89.9,4980.0,HF1903
Aduku HC IV,HC IV,Government,MOH,Functional,32.71821,1.99544,LANGO,APAC,KWANIA,ADUKU TOWN COUNCIL,302103,KWANIA COUNTY,APAC,KWANIA,ADUKU TOWN COUNCIL,IKWERA,30210301,1226,1358.0,90.3,2584.0,HF1927
Apac HOSPITAL,General Hospital,Government,MOH,Functional,32.533801,1.981577,LANGO,APAC,APAC MUNICIPALITY,APAC TOWN COUNCIL,302303,APAC MUNICIPALITY,APAC,APAC MUNICIPALITY,AKERE DIVISION,CENTRAL,30230203,5225,5635.0,92.7,10860.0,HF1934
Arua REGIONAL REF HOSPITAL,RR Hospital,Government,MOH,Functional,30.90576,3.01991,WEST NILE,ARUA,ARUA MUNICIPALITY,RIVER OLI DIVISION,303102,ARUA MUNICIPALITY,ARUA,RIVER OLI DIVISION,RIVER OLI DIVISION,KENYA WARD,30310201,6279,7069.0,88.8,13348.0,HF1965
Oriajini HOSPITAL,General Hospital,Private Not For Profit,UMMB,Functional,30.96805,3.17313,WEST NILE,MARACHA,MARACHA,KIJOMORO,320101,MARACHA COUNTY,MARACHA,MARACHA,KIJOMORO,AMBIDRO,32010102,2522,2886.0,87.4,5408.0,HF1970
River Oli HC IV,HC IV,Government,MOH,Functional,30.90051,3.0302,WEST NILE,ARUA,ARUA MUNICIPALITY,RIVER OLI DIVISION,303102,ARUA MUNICIPALITY,ARUA,RIVER OLI DIVISION,RIVER OLI DIVISION,KENYA WARD,30310201,6279,7069.0,88.8,13348.0,HF1989
Omugo HC IV,HC IV,Government,MOH,Functional,31.11511,3.27945,WEST NILE,ARUA,TEREGO,OMUGO,303404,TEREGO EAST COUNTY,ARUA,TEREGO,OMUGO,ANGAZI,30340401,2561,2833.0,90.4,5394.0,HF1994
Rhino Camp HC IV,HC IV,Government,MOH,Functional,31.39745,2.9761,WEST NILE,ARUA,MADI OKOLLO,RHINO CAMP,303307,LOWER MADI COUNTY,ARUA,MADI-OKOLLO,RHINO CAMP,ERAMVA,30330704,1990,2195.0,90.7,4185.0,HF1999
Kuluva HOSPITAL,General Hospital,Private Not For Profit,,Functional,30.93375,2.94981,WEST NILE,ARUA,VURRA,VURRA,303504,VURRA COUNTY,ARUA,VURRA,VURRA,KULUVA,30350406,1824,2175.0,83.9,3999.0,HF2009
Dokolo HC IV,HC IV,Government,MOH,Functional,33.17266,1.919833,LANGO,DOKOLO,DOKOLO,DOKOLO TC,317107,DOKOLO SOUTH COUNTY,DOKOLO,DOKOLO,DOKOLO TOWN COUNCIL,CENTRAL WARD,31710701,2744,3093.0,88.7,5837.0,HF2019
Awach HC IV,HC IV,Government,MOH,Functional,32.40077,2.97058,ACHOLI,GULU,ASWA,AWACH,304101,ASWA COUNTY,GULU,ASWA,AWACH,PADUNY,30410102,2391,2686.0,89.0,5077.0,HF2027
Gulu  Military Hospital,General Hospital,Government,MOH,Functional,32.28098536,2.779666686,ACHOLI,GULU,GULU MUNICIPALITY,BAR DEGE DIVISION,304201,GULU MUNICIPALITY,GULU,GULU MUNICIPALITY,BAR-DEGE,KANYAGOGA,30420103,7077,6410.0,110.4,13487.0,HF2028
St. Mary's Hospital Lacor,General Hospital,Private Not For Profit,UCMB,Functional,32.25254,2.76599,ACHOLI,GULU,GULU MUNICIPALITY,BAR DEGE DIVISION,304201,GULU MUNICIPALITY,GULU,GULU MUNICIPALITY,BAR-DEGE,FOR GOD,30420102,4388,4641.0,94.5,9029.0,HF2029
Gulu Independent Hospital,General Hospital,Private For Profit,,Functional,32.29025,2.77957,ACHOLI,GULU,GULU MUNICIPALITY,BAR DEGE DIVISION,304201,GULU MUNICIPALITY,GULU,GULU MUNICIPALITY,BAR-DEGE,KASUBI,30420104,5771,6371.0,90.6,12142.0,HF2030
Lalogi HC IV,HC IV,Government,MOH,Functional,32.56665,2.63611,ACHOLI,OMORO,OMORO,OMORO TOWN COUNCIL,331307,OMORO COUNTY,OMORO,OMORO,OMORO TOWN COUNCIL,GEM,33130701,4001,4273.0,93.6,8274.0,HF2057
Gulu Regional Referal Hospital,RR Hospital,Government,MOH,Functional,32.29853,2.78069,ACHOLI,GULU,GULU MUNICIPALITY,LAROO DIVISION,304202,GULU MUNICIPALITY,GULU,GULU MUNICIPALITY,LAROO,IRIAGA,30420202,3869,4211.0,91.9,8080.0,HF2067
Kaabong HOSPITAL,General Hospital,Government,MOH,Functional,34.13121,3.51508,KARAMOJA,KAABONG,DODOTH,KAABONG TOWN COUNCIL,318102,DODOTH EAST COUNTY,KABONG,DODOTH,KAABONG TOWN COUNCIL,LOPUTUK,31810208,169,157.0,107.6,326.0,HF2099
Karenga HC IV,HC IV,Government,MOH,Functional,33.69555,3.56899,KARAMOJA,KAABONG,DODOTH,NAPORE KARENGA,318113,DODOTH WEST COUNTY,KABONG,DODOTH,NAPORE(KARENGA),KARENGA,31811302,1508,1636.0,92.2,3144.0,HF2108
Kitgum HOSPITAL,General Hospital,Government,MOH,Functional,32.88092,3.29792,ACHOLI,KITGUM,KITGUM MUNICIPALITY,CENTRAL DIVISION,305201,KITGUM MUNICIPALITY,KITGUM,KITGUM MUNICIPALITY,CENTRAL DIVISION,WESTLAND B,30520103,2276,2185.0,104.2,4461.0,HF2124
St. Joseph'S Kitgum HOSPITAL,General Hospital,Private Not For Profit,UCMB,Functional,32.89112,3.30583,ACHOLI,KITGUM,KITGUM MUNICIPALITY,PAGER DIVISION,305202,KITGUM MUNICIPALITY,KITGUM,KITGUM MUNICIPALITY,PAGER DIVISION,PONGDWONG,30520204,1587,1819.0,87.2,3406.0,HF2125
Naam Okora HC IV,HC IV,Government,MOH,Functional,33.33844,3.35185,ACHOLI,KITGUM,CHUA,NAMOKORA,305107,CHUA EAST COUNTY,KITGUM,CHUA,NAMOKORA,PAGWOK,30510702,2518,2620.0,96.1,5138.0,HF2140
Koboko Hospital,General Hospital,Government,Local Government,Functional,30.95937,3.40942,WEST NILE,KOBOKO,KOBOKO MUNICIPALITY,SOUTHERN DIVISION,319202,KOBOKO MUNICIPALITY,KOBOKO,KOBOKO MUNICIPALITY,SOUTHERN,APA WARD,31920201,3015,3127.0,96.4,6142.0,HF2145
Aboke HC IV,HC IV,Government,MOH,Functional,32.6813,2.3513,LANGO,KOLE,KOLE,ABOKE,325101,KOLE NORTH COUNTY,KOLE,KOLE,ABOKE,OGWANGACUMA,32510104,4487,4853.0,92.5,9340.0,HF2152
Kotido HC IV,HC IV,Government,MOH,Functional,34.11676,3.01504,KARAMOJA,KOTIDO,KOTIDO MUNICIPALITY,CENTRAL DIVISION,306201,KOTIDO MUNICIPALITY,KOTIDO,KOTIDO MUNICIPALITY,CENTRAL DIVISION,KOTIDO NORTH,30620103,502,598.0,83.9,1100.0,HF2167
Madi-Opei HC IV,HC IV,Government,MOH,Functional,33.08724,3.60708,ACHOLI,LAMWO,LAMWO,MADI  OPEI,326104,LAMWO COUNTY,LAMWO,LAMWO,MADI OPEI,MADI OPEI TOWN BOARD,32610402,1933,2085.0,92.7,4018.0,HF2186
Padibe HC IV,HC IV,Government,MOH,Functional,32.827148,3.475195,ACHOLI,LAMWO,LAMWO,PADIBE TOWN COUNCIL,326111,LAMWO COUNTY,LAMWO,LAMWO,PADIBE TOWN COUNCIL,KAMAMA,32611104,962,1121.0,85.8,2083.0,HF2190
Ayira Health Services,HC IV,Private For Profit,,Functional,32.89498,2.26901,LANGO,LIRA,LIRA  MUNICIPALITY,ADYEL DIVISION,307201,LIRA MUNICIPALITY,LIRA,LIRA MUNICIPALITY,ADYEL DIVISION,AKWOYO,30720101,3246,3575.0,90.8,6821.0,HF2205
Lira REGIONAL REF HOSPITAL,RR Hospital,Government,MOH,Functional,32.90135,2.25553,LANGO,LIRA,LIRA  MUNICIPALITY,ADYEL DIVISION,307201,LIRA MUNICIPALITY,LIRA,LIRA MUNICIPALITY,ADYEL DIVISION,JUNIOR QUARTERS,30720102,2084,1816.0,114.8,3900.0,HF2206
Amach HC IV,HC IV,Government,MOH,Functional,33.00555,2.11163,LANGO,LIRA,ERUTE,AMACH,307104,ERUTE COUNTY SOUTH,LIRA,ERUTE,AMACH,AYACH,30710405,2851,2906.0,98.1,5757.0,HF2211
PAG Mission HC IV,HC IV,Private Not For Profit,UPMB,Functional,32.89773,2.23864,LANGO,LIRA,LIRA  MUNICIPALITY,CENTRAL DIVISION,307202,LIRA MUNICIPALITY,LIRA,LIRA MUNICIPALITY,CENTRAL DIVISION,TE-OBIA,30720205,1435,1266.0,113.3,2701.0,HF2222
Ogur HC IV,HC IV,Government,MOH,Functional,32.93588,2.44195,LANGO,LIRA,ERUTE,OGUR,307109,ERUTE COUNTY NORTH,LIRA,ERUTE,OGUR,OGUR,30710908,2018,2181.0,92.5,4199.0,HF2228
Obongi HC IV,HC IV,Government,MOH,Functional,31.49298,3.25326,WEST NILE,MOYO,OBONGI,GIMARA,309102,OBONGI COUNTY,MOYO,OBONGI,GIMARA,LIWA,30910203,1378,1443.0,95.5,2821.0,HF2249
Moyo HOSPITAL,General Hospital,Government,MOH,Functional,31.727087,3.659821,WEST NILE,MOYO,WEST MOYO,MOYO TOWN COUNCIL,309206,WEST MOYO COUNTY,MOYO,WEST MOYO,MOYO TOWN COUNCIL,ELENDERA,30920604,1004,1138.0,88.2,2142.0,HF2278
Tokora HC IV,HC IV,Government,MOH,Functional,34.66517,1.84395,KARAMOJA,NAKAPIRIPIRIT,CHEKWII,KAKOMONGOLE,311105,CHEKWII COUNTY (KADAM),NAKAPIRIPIRIT,CHEKWII,KAKOMONGOLE,OKWAPON,31110504,1928,1942.0,99.3,3870.0,HF2280
Nabilatuk HC IV,HC IV,Government,MOH,Functional,34.5743,2.05608,KARAMOJA,NAKAPIRIPIRIT,PIAN,NABILATUK,311203,PIAN COUNTY,NAKAPIRIPIRIT,PIAN,NABILATUK,MORUANGIBUIN,31120305,1512,1761.0,85.9,3273.0,HF2292
Matany HOSPITAL,General Hospital,Private Not For Profit,UCMB,Functional,34.40159,2.37929,KARAMOJA,NAPAK,BOKORA,MATANY,327104,BOKORA COUNTY,NAPAK,BOKORA,MATANY,NAKICUMET,32710405,1474,1700.0,86.7,3174.0,HF2305
Nebbi Hospital,General Hospital,Government,MOH,Functional,31.08486,2.48044,WEST NILE,NEBBI,NEBBI MUNICIPALITY,THATHA DIVISION,310203,NEBBI MUNICIPALITY,NEBBI,NEBBI MUNICIPALITY,THATHA DIVISION,FOREST,31020301,3004,3275.0,91.7,6279.0,HF2329
Angal St. Luke HOSPITAL,General Hospital,Private Not For Profit,UCMB,Functional,31.193022,2.411255,WEST NILE,NEBBI,PADYERE,NYARAVUR,310307,PADYERE COUNTY,NEBBI,PADYERE,NYARAVUR,PAMORA LOWER,31030705,2331,2735.0,85.2,5066.0,HF2330
Anaka HOSPITAL,General Hospital,Government,MOH,Functional,31.94798,2.60271,ACHOLI,NWOYA,NWOYA,ANAKA TOWN COUNCIL,328104,NWOYA COUNTY,NWOYA,NWOYA,ANAKA TOWN COUNCIL,CEKE WARD,32810402,2456,2613.0,94.0,5069.0,HF2353
Orum HC IV,HC IV,Government,MOH,Functional,33.34886,2.40098,LANGO,OTUKE,OTUKE,OTUKE TOWN COUNCIL,329108,OTUKE COUNTY,OTUKE,OTUKE,OTUKE TOWN COUNCIL,BAR-DUGU,32910802,1152,1148.0,100.3,2300.0,HF2375
Aber Ngo HOSPITAL,General Hospital,Private Not For Profit,UCMB,Non Functional,32.34108,2.12815,LANGO,OYAM,OYAM,ABER,321101,OYAM COUNTY SOUTH,OYAM,OYAM,ABER,ATURA,32110103,3539,3665.0,96.6,7204.0,HF2376
Anyeke HC IV,HC IV,Government,MOH,Functional,32.50921,2.39086,LANGO,OYAM,OYAM,OYAM TOWN COUNCIL,321112,OYAM COUNTY SOUTH,OYAM,OYAM,OYAM TOWN COUNCIL,EASTERN,32111201,2788,2894.0,96.3,5682.0,HF2400
5Th  Military Division HOSPITAL,General Hospital,Government,Army,Functional,33.00944,2.77578,ACHOLI,PADER,ARUU,PADER,312109,ARUU COUNTY,PADER,ARUU,PADER,TYER,31210904,1946,1638.0,118.8,3584.0,HF2410
Pajule HC IV,HC IV,Government,MOH,Functional,32.9339,2.97852,ACHOLI,PADER,ARUU,PAJULE,312111,ARUU NORTH COUNTY,PADER,ARUU,PAJULE,PALWO,31211106,2549,2716.0,93.9,5265.0,HF2428
Yumbe Hospital,General Hospital,Government,MOH,Functional,31.18113,3.43922,WEST NILE,YUMBE,ARINGA,KURU,313108,ARINGA COUNTY,YUMBE,ARINGA,KURU,OMBA,31310806,3989,5444.0,73.3,9433.0,HF2445
Midigo HC IV,HC IV,Government,MOH,Functional,31.2269,3.61036,WEST NILE,YUMBE,ARINGA,MIDIGO,313110,ARINGA NORTH COUNTY,YUMBE,ARINGA,MIDIGO,MOCHA,31311004,4437,5291.0,83.9,9728.0,HF2448
Nyapea HOSPITAL,General Hospital,Private Not For Profit,UCMB,Functional,30.949542,2.463655,WEST NILE,ZOMBO,OKORO,NYAPEA,330105,OKORO COUNTY,ZOMBO,OKORO,NYAPEA,OYEYO,33010502,2747,2988.0,91.9,5735.0,HF2457
Nsiika HC IV,HC IV,Government,MOH,Functional,30.437887,-0.362992,ANKOLE,BUHWEJU,BUHWEJU,NSIIKA TOWN COUNCIL,420106,BUHWEJU COUNTY,BUHWEJU,BUHWEJU,NSIIKA TOWN COUNCIL,NSIIKA,42010603,799,813.0,98.3,1612.0,HF2475
Buliisa Hospital,General Hospital,Government,MOH,Functional,31.41245,2.11622,BUNYORO,BULIISA,BULIISA,BULIISA TOWN COUNCIL,416103,BULIISA COUNTY,BULIISA,BULIISA,BULIISA TOWN COUNCIL,CENTRAL,41610301,478,413.0,115.7,891.0,HF2481
Buliisa HC IV,HC IV,Government,MOH,Functional,31.41245,2.11622,BUNYORO,BULIISA,BULIISA,BULIISA TOWN COUNCIL,416103,BULIISA COUNTY,BULIISA,BULIISA,BULIISA TOWN COUNCIL,CENTRAL,41610301,478,413.0,115.7,891.0,HF2483
Bundibugyo Hospital,General Hospital,Government,MOH,Functional,30.06354,0.70216,TORO,BUNDIBUGYO,BWAMBA,BUNDIBUGYO TOWN COUNCIL,401203,BWAMBA COUNTY,BUNDIBUGYO,BWAMBA,BUNDIBUGYO TOWN COUNCIL,HAMUTITI,40120305,1953,1984.0,98.4,3937.0,HF2490
Busaru HC IV,HC IV,Private Not For Profit,UCMB,Functional,30.04422,0.66763,TORO,BUNDIBUGYO,BWAMBA,BUSARU,401204,BWAMBA COUNTY,BUNDIBUGYO,BWAMBA,BUSARU,KIRINDI,40120405,2729,2813.0,97.0,5542.0,HF2494
Kikyo HC IV,HC IV,Government,MOH,Functional,30.12337,0.74551,TORO,BUNDIBUGYO,BUGHENDERA,NGAMBA,401104,BUGHENDERA COUNTY,BUNDIBUGYO,BUGHENDERA,NGAMBA,KIKYO,40110403,1084,1117.0,97.0,2201.0,HF2501
Bushenyi HC IV,HC IV,Government,MOH,Functional,30.19661,-0.54188,ANKOLE,BUSHENYI,BUSHENYI-ISHAKA MUNICIPALITY,CENTRAL DIVISON,402101,BUSHENYI-ISHAKA MUNICIPALITY,BUSHENYI,BUSHENYI-ISHAKA MUNICIPALITY,CENTRAL DIVISION,CENTRAL,40210102,2090,1699.0,123.0,3789.0,HF2508
Kiu Teaching HOSPITAL,General Hospital,Private Not For Profit,CSO,Functional,30.14554,-0.53999,ANKOLE,BUSHENYI,BUSHENYI-ISHAKA MUNICIPALITY,ISHAKA DIVISON,402102,BUSHENYI-ISHAKA MUNICIPALITY,BUSHENYI,BUSHENYI-ISHAKA MUNICIPALITY,ISHAKA DIVISION,WARD IV,40210204,3071,3368.0,91.2,6439.0,HF2512
Ishaka Adventist HOSPITAL,General Hospital,Private Not For Profit,,Functional,30.13799,-0.54429,ANKOLE,BUSHENYI,BUSHENYI-ISHAKA MUNICIPALITY,ISHAKA DIVISON,402102,BUSHENYI-ISHAKA MUNICIPALITY,BUSHENYI,BUSHENYI-ISHAKA MUNICIPALITY,ISHAKA DIVISION,WARD IV,40210204,3071,3368.0,91.2,6439.0,HF2513
Kyabugimbi HC IV,HC IV,Government,MOH,Functional,30.26623,-0.49638,ANKOLE,BUSHENYI,IGARA,KYABUGIMBI,402205,IGARA COUNTY EAST,BUSHENYI,IGARA,KYABUGIMBI,KATIKAMWE,40220503,2770,3034.0,91.3,5804.0,HF2521
Comboni HOSPITAL,General Hospital,Private Not For Profit,UCMB,Functional,30.11953,-0.44297,ANKOLE,BUSHENYI,IGARA,KYAMUHUNGA TOWN COUNCIL,402210,IGARA COUNTY WEST,BUSHENYI,IGARA,KYAMUHUNGA TOWN COUNCIL,BUTARE TOWN BOARD,40221001,3157,3436.0,91.9,6593.0,HF2522
Hunter Foundation HC,General Hospital,Private For Profit,CSO,Non Functional,30.28716,-0.55523,ANKOLE,BUSHENYI,IGARA,KYEIZOOBA,402207,IGARA COUNTY EAST,BUSHENYI,IGARA,KYEIZOOBA,RUTOOMA,40220708,1833,1964.0,93.3,3797.0,HF2528
Azur HC III,HC IV,Private Not For Profit,UPMB,Functional,31.34196,1.43875,BUNYORO,HOIMA,HOIMA MUNICIPALITY,KAHOORA DIVISON,403303,HOIMA MUNICIPALITY,HOIMA,HOIMA MUNICIPALITY,KAHOORA,WESTERN WARD,40330304,5846,7083.0,82.5,12929.0,HF2565
Hoima REGIONAL REF HOSPITAL,RR Hospital,Government,MOH,Functional,31.354685,1.430788,BUNYORO,HOIMA,HOIMA MUNICIPALITY,KAHOORA DIVISON,403303,HOIMA MUNICIPALITY,HOIMA,HOIMA MUNICIPALITY,KAHOORA,CENTRAL WARD,40330301,3237,3446.0,93.9,6683.0,HF2566
Kigorobya HC IV,HC IV,Government,MOH,Functional,31.30888,1.61492,BUNYORO,HOIMA,BUGAHYA,KIGOROBYA TOWN COUNCIL,403104,KIGOROBYA COUNTY,HOIMA,BUGAHYA,KIGOROBYA TOWN COUNCIL,SOUTH EAST WARD,40310403,1122,1313.0,85.5,2435.0,HF2570
Kikuube HC IV,HC IV,Government,MOH,Functional,31.22218,1.34046,BUNYORO,HOIMA,BUHAGUZI,KIZIRANFUMBI,403204,BUHAGUZI COUNTY,HOIMA,BUHAGUZI,KIZIRANFUMBI,BULIMYA,40320401,6697,6809.0,98.4,13506.0,HF2578
Kyangwali HC IV,HC IV,Government,MOH,Functional,30.80046,1.2123,BUNYORO,HOIMA,BUHAGUZI,KYANGWALI,403205,BUHAGUZI COUNTY,HOIMA,BUHAGUZI,KYANGWALI,KYANGWALI,40320504,6774,6876.0,98.5,13650.0,HF2586
Ibanda HOSPITAL,General Hospital,Private Not For Profit,UCMB,Functional,30.44786,-0.13048,ANKOLE,IBANDA,IBANDA MUNICIPALITY,KAGANGO DIVISION,417203,IBANDA MUNICIPALITY,IBANDA,IBANDA MUNICIPALITY,KAGANGO DIVISION,KAGONGO,41720301,3021,3523.0,85.8,6544.0,HF2594
Ishongororo HC IV,HC IV,Government,MOH,Functional,30.49815,0.04915,ANKOLE,IBANDA,IBANDA,ISHONGORORO TOWN COUNCIL,417103,IBANDA COUNTY NORTH,IBANDA,IBANDA,ISHONGORORO TOWN COUNCIL,NYANTSIMBO,41710302,6129,6072.0,100.9,12201.0,HF2601
Ruhoko HC IV,HC IV,Government,MOH,Functional,30.47829,-0.15491,ANKOLE,IBANDA,IBANDA MUNICIPALITY,KAGANGO DIVISION,417203,IBANDA MUNICIPALITY,IBANDA,IBANDA MUNICIPALITY,KAGANGO DIVISION,KANYANSHEKO,41720302,1438,1494.0,96.3,2932.0,HF2622
Kabuyanda HC IV,HC IV,Government,MOH,Functional,30.62454,-0.94748,ANKOLE,ISINGIRO,ISINGIRO,KABUYANDA TOWN COUNCIL,418206,ISINGIRO COUNTY SOUTH,ISINGIRO,ISINGIRO,KABUYANDA TOWN COUNCIL,KISYORO,41820603,1493,1696.0,88.0,3189.0,HF2652
Nyamuyanja HC IV,HC IV,Government,MOH,Functional,30.67959,-0.78733,ANKOLE,ISINGIRO,ISINGIRO,NYAMUYANJA,418210,ISINGIRO COUNTY NORTH,ISINGIRO,ISINGIRO,NYAMUYANJA,NYAMUYANJA,41821004,2523,2833.0,89.1,5356.0,HF2673
Rugaaga HC IV,HC IV,Government,MOH,Functional,31.02363,-0.83636,ANKOLE,ISINGIRO,BUKANGA,RUGAAGA,418105,BUKANGA COUNTY,ISINGIRO,BUKANGA,RUGAAGA,KYAMPANGO,41810504,2498,2628.0,95.1,5126.0,HF2677
Hamurwa HC IV,HC IV,Government,MOH,Functional,29.903637,-1.129296,KIGEZI,RUBANDA,RUBANDA,HAMURWA TOWN COUNCIL,429304,RUBANDA COUNTY EAST,RUBANDA,RUBANDA,HAMURWA TOWN COUNCIL,HAMURWA,42930401,625,724.0,86.3,1349.0,HF2695
Kabale REGIONAL REF HOSPITAL,RR Hospital,Government,MOH,Functional,29.99,-1.25,KIGEZI,KABALE,KABALE MUNICIPALITY,CENTRAL DIVISION,404101,KABALE MUNICIPALITY,KABALE,KABALE MUNICIPALITY,CENTRAL DIVISION,CENTRAL,40410102,2024,2489.0,81.3,4513.0,HF2705
Rugarama HOSPITAL,General Hospital,Private Not For Profit,UPMB,Functional,29.98152,-1.23584,KIGEZI,KABALE,KABALE MUNICIPALITY,NORTHERN DIVISION,404102,KABALE MUNICIPALITY,KABALE,KABALE MUNICIPALITY,KABALE NORTHERN DIVISION,KIJUGUTA,40410201,2007,2155.0,93.1,4162.0,HF2708
Kamukira HC IV,HC IV,Government,MOH,Functional,29.98396771,-1.264555069,KIGEZI,KABALE,KABALE MUNICIPALITY,SOUTHERN DIVISION,404103,KABALE MUNICIPALITY,KABALE,KABALE MUNICIPALITY,SOUTHERN DIVISION,KARIGIME,40410302,2926,3008.0,97.3,5934.0,HF2712
Muko HC IV,HC IV,Government,MOH,Functional,29.842946,-1.163756,KIGEZI,RUBANDA,RUBANDA,RUBANDA TOWN COUNCIL,429309,RUBANDA COUNTY WEST,RUBANDA,RUBANDA,RUBANDA TOWN COUNCIL,NYARURAMBI,42930903,4168,4651.0,89.6,8819.0,HF2734
Mparo HC IV,HC IV,Government,MOH,Functional,30.062235,-1.162504,KIGEZI,KABALE,RUKIGA,RWAMUCUCU,404405,RUKIGA COUNTY,RUKIGA,RUKIGA,RWAMUCUCU,KITOJO,43140503,2331,2632.0,88.6,4963.0,HF2749
Bukuku HC IV,HC IV,Government,MOH,Functional,30.178214,0.66431,TORO,KABAROLE,BURAHYA,BUKUUKU,405201,BURAHYA COUNTY,KABAROLE,BURAHYA,BUKUUKU,KAZINGO,40520101,2422,2473.0,97.9,4895.0,HF2753
Kataraka HC IV,HC IV,Government,MOH,Functional,30.36832,0.63757,TORO,KABAROLE,BURAHYA,BUSORO,405202,BURAHYA COUNTY,KABAROLE,BURAHYA,BUSORO,KASWA,40520203,3051,2625.0,116.2,5676.0,HF2761
Kibiito HC IV,HC IV,Government,MOH,Functional,30.19526,0.47767,TORO,KABAROLE,BUNYANGABU,KIBIITO TOWN COUNCIL,405105,BUNYANGABU COUNTY,BUNYANGABU,BUNYANGABU,KIBIITO TOWN COUNCIL,CENTRAL,43010501,1808,1967.0,91.9,3775.0,HF2778
Kida HOSPITAL,General Hospital,Private Not For Profit,,Functional,30.28977,0.51501,TORO,KABAROLE,BURAHYA,RUTEETE,405212,BURAHYA COUNTY,KABAROLE,BURAHYA,RUTEETE,RWAIHAMBA,40521203,3038,3074.0,98.8,6112.0,HF2791
Virika HOSPITAL,General Hospital,Private Not For Profit,UCMB,Functional,30.267931,0.640278,TORO,KABAROLE,FORT PORTAL MUNICIPALITY,SOUTHERN DIVISION,405302,FORT PORTAL MUNICIPALITY,KABAROLE,FORT PORTAL MUNICIPALITY,SOUTHERN DIVISION,KIJANJU,40530203,1899,2448.0,77.6,4347.0,HF2801
Kabarole HOSPITAL,General Hospital,Private Not For Profit,UPMB,Functional,30.27206,0.64925,TORO,KABAROLE,FORT PORTAL MUNICIPALITY,SOUTHERN DIVISION,405302,FORT PORTAL MUNICIPALITY,KABAROLE,FORT PORTAL MUNICIPALITY,SOUTHERN DIVISION,BAZAAR,40530201,3928,4135.0,95.0,8063.0,HF2802
Fort Portal Regional Referral Hospital,RR Hospital,Government,MOH,Functional,30.282,0.655,TORO,KABAROLE,FORT PORTAL MUNICIPALITY,SOUTHERN DIVISION,405302,FORT PORTAL MUNICIPALITY,KABAROLE,FORT PORTAL MUNICIPALITY,SOUTHERN DIVISION,BAZAAR,40530201,3928,4135.0,95.0,8063.0,HF2806
Rukunyu HC IV,HC IV,Government,MOH,Functional,30.44873,0.261035,TORO,KAMWENGE,KIBALE,KAHUNGE,413105,KIBALE COUNTY (KAMWENGE),KAMWENGE,KIBALE,KAHUNGE,KYAKANYEMERA,41310502,3891,4210.0,92.4,8101.0,HF2819
Ntara HC IV,HC IV,Government,MOH,Functional,30.36111,0.00147,TORO,KAMWENGE,KITAGWENDA,NTARA,413205,KITAGWENDA COUNTY,KAMWENGE,KITAGWENDA,NTARA,NTARA,41320504,2338,2570.0,91.0,4908.0,HF2830
Kambuga HOSPITAL,General Hospital,Government,MOH,Functional,29.8059,-0.80811,KIGEZI,KANUNGU,KINKIIZI,KAMBUGA TOWN COUNCIL,414103,KINKIZI COUNTY EAST,KANUNGU,KINKIZI,KAMBUGA TOWN COUNCIL,CENTRAL,41410301,905,991.0,91.3,1896.0,HF2836
Bwindi Community HOSPITAL,General Hospital,Private Not For Profit,,Functional,29.61679,-0.96383,KIGEZI,KANUNGU,KINKIIZI,KAYONZA,414107,KINKIZI COUNTY WEST,KANUNGU,KINKIZI,KAYONZA,MUKONO,41410704,4009,4216.0,95.1,8225.0,HF2837
Kanungu HC IV,HC IV,Government,MOH,Functional,29.77882,-0.89903,KIGEZI,KANUNGU,KINKIIZI,KANUNGU TOWN COUNCIL,414104,KINKIZI COUNTY EAST,KANUNGU,KINKIZI,KANUNGU TOWN COUNCIL,WESTERN WARD,41410404,1844,1986.0,92.8,3830.0,HF2843
Kilembe HOSPITAL,General Hospital,Private Not For Profit,UCMB,Functional,30.013431,0.196402,TORO,KASESE,KASESE MUNICIPALITY,BULEMBIA DIVISION,406301,KASESE MUNICIPALITY,KASESE,KASESE MUNICIPALITY,BULEMBIA DIVISION,NAMUHUGA,40630103,2053,2188.0,93.8,4241.0,HF2874
Hiima Iaa (Uci) HC IV,HC IV,Private For Profit,,Functional,30.18207,0.30008,TORO,KASESE,BUSONGORA,HIMA TOWN COUNCIL,406204,BUSONGORA COUNTY NORTH,KASESE,BUSONGORA,HIMA TOWN COUNCIL,KENDAHI,40620403,1695,1823.0,93.0,3518.0,HF2879
St. Paul HC IV,HC IV,Private Not For Profit,UPMB,Functional,30.07476,0.16384,TORO,KASESE,KASESE MUNICIPALITY,CENTRAL DIVISION,406302,KASESE MUNICIPALITY,KASESE,KASESE MUNICIPALITY,CENTRAL DIVISION,KAMAIBA,40630202,2496,3172.0,78.7,5668.0,HF2886
Bishop Masereka Christian Foundation HC IV,HC IV,Private Not For Profit,,Functional,30.07868,0.17419,TORO,KASESE,KASESE MUNICIPALITY,CENTRAL DIVISION,406302,KASESE MUNICIPALITY,KASESE,KASESE MUNICIPALITY,CENTRAL DIVISION,BASE CAMP,40630201,1474,1614.0,91.3,3088.0,HF2887
Kagando HOSPITAL,General Hospital,Private Not For Profit,UPMB,Functional,29.89819,0.06332,TORO,KASESE,BUKONZO,KISINGA TOWN COUNCIL,406114,BUKONJO COUNTY EAST,KASESE,BUKONZO,KISINGA TOWN COUNCIL,KAGANDO,40611401,1385,1671.0,82.9,3056.0,HF2891
Rwesande HC IV,HC IV,Private Not For Profit,UPMB,Functional,30.126636,0.415655,TORO,KASESE,BUSONGORA,BUHUHIRA,406202,BUSONGORA COUNTY NORTH,KASESE,BUSONGORA,BUHUHIRA,BUGHENDERO,40620201,2576,2604.0,98.9,5180.0,HF2900
Nyamirami HC IV,HC IV,Government,MOH,Functional,29.99139,0.07819,TORO,KASESE,BUSONGORA,MUHOKYA,406212,BUSONGORA COUNTY SOUTH,KASESE,BUSONGORA,MUHOKYA,NYAMIRAMI,40621205,2724,3060.0,89.0,5784.0,HF2916
Kagadi HOSPITAL,General Hospital,Government,MOH,Functional,30.808823,0.94473,BUNYORO,KAGADI,BUYAGA,KAGADI  TOWN COUNCIL,427205,BUYAGA EAST COUNTY,KAGADI,BUYAGA,KAGADI  TOWN COUNCIL,CENTRAL,42720501,3279,3843.0,85.3,7122.0,HF2927
St. Ambrose Charity HC IV,HC IV,Private Not For Profit,Local Government,Functional,30.81726,0.945172,BUNYORO,KAGADI,BUYAGA,KAGADI  TOWN COUNCIL,427205,BUYAGA EAST COUNTY,KAGADI,BUYAGA,KAGADI  TOWN COUNCIL,KIRABA,42720503,1904,2000.0,95.2,3904.0,HF2928
Kakindo HC IV,HC IV,Government,Local Government,Functional,31.184459,1.073698,BUNYORO,KAKUMIRO,BUGANGAIZI,KAKINDO,428103,BUGANGAIZI WEST COUNTY,KAKUMIRO,BUGANGAIZI,KAKINDO,KIHUUNA,42810302,3470,3294.0,105.3,6764.0,HF2931
Kakumiro HC IV,HC IV,Government,Local Government,Functional,31.32438,0.78423,BUNYORO,KAKUMIRO,BUGANGAIZI,KAKUMIRO  TOWN COUNCIL,428104,BUGANGAIZI WEST COUNTY,KAKUMIRO,BUGANGAIZI,KAKUMIRO TOWN COUNCIL,CENTRAL,42810401,1361,1527.0,89.1,2888.0,HF2932
Kibaale HC IV (Kibaale),HC IV,Government,MOH,Functional,31.07435909,0.790241149,BUNYORO,KIBAALE,BUYANJA,KIBAALE TOWN COUNCIL,407303,BUYANJA COUNTY,KIBAALE,BUYANJA,KIBAALE TOWN COUNCIL,MASAZA,40730303,1094,1103.0,99.2,2197.0,HF2937
Kazo HC IV,HC IV,Government,MOH,Functional,30.75718,-0.04916,ANKOLE,KIRUHURA,KAZO,KAZO TOWN COUNCIL,419106,KAZO COUNTY,KIRUHURA,KAZO,KAZO TOWN COUNCIL,KAZO,41910603,1174,1253.0,93.7,2427.0,HF2983
Rushere Community HOSPITAL,General Hospital,Private Not For Profit,,Functional,30.9482,-0.2104,ANKOLE,KIRUHURA,NYABUSHOZI,KENSHUNGA,419203,NYABUSHOZI COUNTY,KIRUHURA,NYABUSHOZI,KENSHUNGA,RUSHERE TOWN BOARD,41920305,2165,2099.0,103.1,4264.0,HF2984
Kiruhura HC IV,HC IV,Government,MOH,Functional,30.842368,-0.205336,ANKOLE,KIRUHURA,NYABUSHOZI,KIRUHURA TOWN COUNCIL,419206,NYABUSHOZI COUNTY,KIRUHURA,NYABUSHOZI,KIRUHURA TOWN COUNCIL,KIRUHURA WARD,41920602,391,395.0,99.0,786.0,HF2991
Kiryandongo HOSPITAL,General Hospital,Government,MOH,Functional,32.06175,1.8786,BUNYORO,KIRYANDONGO,KIBANDA,KIRYANDONGO TOWN COUNCIL,421106,KIBANDA NORTH COUNTY,KIRYANDONGO,KIBANDA,KIRYANDONGO TOWN COUNCIL,SOUTHERN,42110602,1123,1102.0,101.9,2225.0,HF3019
Rubuguri HC IV,HC IV,Government,MOH,Functional,29.68246,-1.12573,KIGEZI,KISORO,BUFUMBIRA,RUBUGURI TOWN COUNCIL,408115,BUFUMBIRA COUNTY NORTH,KISORO,BUFUMBIRA,RUBUGURI TOWN COUNCIL,KASHIJA,40810502,3143,3336.0,94.2,6479.0,HF3033
Kisoro HOSPITAL,General Hospital,Government,MOH,Functional,29.6824,-1.28374,KIGEZI,KISORO,KISORO MUNICIPALITY,SOUTHERN,408203,KISORO MUNICIPALITY,KISORO,KISORO MUNICIPALITY,SOUTHERN DIVISION,HOSPITAL,40820303,1048,1152.0,91.0,2200.0,HF3034
Mutolere (St. Francis) HOSPITAL,General Hospital,NGO,UCMB,Functional,29.72195,-1.26252,KIGEZI,KISORO,BUFUMBIRA,NYAKABANDE,408110,BUFUMBIRA COUNTY EAST,KISORO,KISORO MUNICIPALITY,NORTHERN DIVISION DIVISION,KAMONYI,40820201,1439,1551.0,92.8,2990.0,HF3036
Kyegegwa HC IV,HC IV,Government,MOH,Functional,31.05375,0.48415,TORO,KYEGEGWA,KYAKA,KYEGEGWA TOWN COUNCIL,422105,KYAKA SOUTH COUNTY,KYEGEGWA,KYAKA,KYEGEGWA TOWN COUNCIL,KYEGEGWA,42210502,3648,3825.0,95.4,7473.0,HF3047
Kyarusozi HC IV,HC IV,Government,MOH,Functional,30.56031,0.779537,TORO,KYENJOJO,MWENGE,KYARUSOZI  TOWN COUNCIL,415112,MWENGE CENTRAL COUNTY,KYENJOJO,MWENGE,KYARUSOZI TOWN COUNCIL,BINUNDA,41511201,1718,1706.0,100.7,3424.0,HF3083
Kyenjojo Hospital,General Hospital,Government,MOH,Functional,30.639296,0.61659,TORO,KYENJOJO,MWENGE,KYENJOJO TOWN COUNCIL,415113,MWENGE COUNTY SOUTH,KYENJOJO,MWENGE,KYENJOJO TOWN COUNCIL,KASIINA,41511305,1598,1874.0,85.3,3472.0,HF3085
Bwijanga HC IV,HC IV,Government,MOH,Functional,31.58335,1.530105,BUNYORO,MASINDI,BUJENJE,BWIJANGA,409102,BUJENJE COUNTY,MASINDI,BUJENJE,BWIJANGA,KITAMBA,40910203,7129,6758.0,105.5,13887.0,HF3103
Masindi HOSPITAL,General Hospital,Government,MOH,Functional,31.71605,1.68414,BUNYORO,MASINDI,MASINDI MUNICIPALITY,CENTRAL DIVISION,409304,MASINDI MUNICIPALITY,MASINDI,MASINDI MUNICIPALITY,CENTRAL,CIVIC WARD,40930401,7828,7337.0,106.7,15165.0,HF3109
Masindi Military/Army Barracks HC IV,HC IV,Government,Army,Functional,31.72969,1.69814,BUNYORO,MASINDI,MASINDI MUNICIPALITY,KIGULYA DIVISION,409301,MASINDI MUNICIPALITY,MASINDI,MASINDI MUNICIPALITY,KIGULYA,ISIMBA,40930102,2380,2320.0,102.6,4700.0,HF3118
Bugamba HC IV,HC IV,Government,MOH,Functional,30.52007,-0.74294,ANKOLE,MBARARA,RWAMPARA,BUGAMBA,410301,RWAMPARA COUNTY,MBARARA,RWAMPARA,BUGAMBA,BWEIBOGO,41030107,2767,2802.0,98.8,5569.0,HF3137
Mbarara Community HOSPITAL,General Hospital,Private For Profit,,Functional,30.65261,-0.58724,ANKOLE,MBARARA,MBARARA MUNICIPALITY,KAKIIKA DIVISION,410205,MBARARA MUNICIPALITY,MBARARA,MBARARA MUNICIPALITY,KAKIIKA DIVISION,KAKIIKA,41020502,3753,4394.0,85.4,8147.0,HF3141
UPDF 2nd Div.Hospital,General Hospital,Government,Army,Functional,30.69114,-0.57455,ANKOLE,MBARARA,MBARARA MUNICIPALITY,KAKIIKA DIVISION,410205,MBARARA MUNICIPALITY,MBARARA,MBARARA MUNICIPALITY,KAKIIKA DIVISION,KAKIIKA,41020502,3753,4394.0,85.4,8147.0,HF3145
Mayanja Memorial HOSPITAL,General Hospital,Private Not For Profit,,Functional,30.67166,-0.59024,ANKOLE,MBARARA,MBARARA MUNICIPALITY,KAKOBA DIVISION,410201,MBARARA MUNICIPALITY,MBARARA,MBARARA MUNICIPALITY,KAKOBA DIVISION,NYAMITYOBORA,41020102,9869,10144.0,97.3,20013.0,HF3146
Ruharo Mission HOSPITAL,General Hospital,Private Not For Profit,UPMB,Functional,30.63124,-0.61297,ANKOLE,MBARARA,MBARARA MUNICIPALITY,KAMUKUZI DIVISION,410202,MBARARA MUNICIPALITY,MBARARA,MBARARA MUNICIPALITY,KAMUKUZI DIVISION,RUHARO,41020202,5868,6226.0,94.2,12094.0,HF3149
Mbarara Municipal Council HC IV,HC IV,Government,MOH,Functional,30.66006,-0.61189,ANKOLE,MBARARA,MBARARA MUNICIPALITY,KAMUKUZI DIVISION,410202,MBARARA MUNICIPALITY,MBARARA,MBARARA MUNICIPALITY,KAMUKUZI DIVISION,KAMUKUZI,41020201,11106,11688.0,95.0,22794.0,HF3153
Mbarara Municipal HC IV,HC IV,Government,MOH,Functional,30.66006,-0.61189,ANKOLE,MBARARA,MBARARA MUNICIPALITY,KAMUKUZI DIVISION,410202,MBARARA MUNICIPALITY,MBARARA,MBARARA MUNICIPALITY,KAMUKUZI DIVISION,KAMUKUZI,41020201,11106,11688.0,95.0,22794.0,HF3154
Mbarara REGIONAL REF HOSPITAL,RR Hospital,Government,MOH,Functional,30.65871,-0.61628,ANKOLE,MBARARA,MBARARA MUNICIPALITY,KAMUKUZI DIVISION,410202,MBARARA MUNICIPALITY,MBARARA,MBARARA MUNICIPALITY,KAMUKUZI DIVISION,KAMUKUZI,41020201,11106,11688.0,95.0,22794.0,HF3155
Holy Innocents Children's HOSPITAL,General Hospital,Private Not For Profit,UCMB,Functional,30.64705,-0.62332,ANKOLE,MBARARA,MBARARA MUNICIPALITY,NYAMITANGA DIVISION,410203,MBARARA MUNICIPALITY,MBARARA,MBARARA MUNICIPALITY,NYAMITANGA DIVISION,RUTI,41020302,3456,3705.0,93.3,7161.0,HF3171
Kinoni HC IV,HC IV,Government,MOH,Functional,30.45778,-0.65862,ANKOLE,MBARARA,RWAMPARA,RUGANDO,410304,RWAMPARA COUNTY,MBARARA,RWAMPARA,RUGANDO,NYARUBUNGO,41030405,3315,3374.0,98.3,6689.0,HF3186
Bwizibwera HC IV,HC IV,Government,MOH,Functional,30.57328,-0.43403,ANKOLE,MBARARA,KASHARI,RWANYAMAHEMBE,410107,KASHARI SOUTH COUNTY,MBARARA,KASHARI,RWANYAMAHEMBE,RWEBISHEKYE,41010705,2936,3225.0,91.0,6161.0,HF3188
Mitooma HC IV,HC IV,Government,MOH,Functional,30.04801,-0.61554,ANKOLE,MITOOMA,RUHINDA,MITOOMA TOWN COUNCIL,423110,RUHINDA COUNTY,MITOOMA,RUHINDA,MITOOMA TOWN COUNCIL,WARD IV,42311004,841,911.0,92.3,1752.0,HF3207
Karugutu HC IV,HC IV,Government,MOH,Functional,30.239275,0.778007,TORO,NTOROKO,NTOROKO,NOMBE,424108,NTOROKO COUNTY,NTOROKO,NTOROKO,NOMBE,NOMBE,42410803,1572,1601.0,98.2,3173.0,HF3214
Itojo HOSPITAL,General Hospital,Government,MOH,Functional,30.276841,-0.785245,ANKOLE,NTUNGAMO,RUHAAMA,ITOJO,411301,RUHAAMA COUNTY,NTUNGAMO,RUHAAMA,ITOJO,ITOJO,41130102,3391,3665.0,92.5,7056.0,HF3222
Ntungamo HC IV,HC IV,Government,MOH,Functional,30.262102,-0.874375,ANKOLE,NTUNGAMO,NTUNGAMO MUNICIPALITY,CENTRAL DIVISION,411201,NTUNGAMO MUNICIPALITY,NTUNGAMO,NTUNGAMO MUNICIPALITY,CENTRAL DIVISION,CENTRAL,41120101,1483,1457.0,101.8,2940.0,HF3226
Rwashamaire HC IV,HC IV,Government,MOH,Functional,30.13333,-0.83334,ANKOLE,NTUNGAMO,KAJARA,RWASHAMAIRE TOWN COUNCIL,411105,KAJARA COUNTY,NTUNGAMO,KAJARA,RWASHAMAIRE TOWN COUNCIL,CENTRAL,41110501,1114,1323.0,84.2,2437.0,HF3236
Rubaare HC IV,HC IV,Government,MOH,Functional,30.181418,-1.015552,ANKOLE,NTUNGAMO,RUSHENYI,RUBAARE TOWN COUNCIL,411404,RUSHENYI COUNTY,NTUNGAMO,RUSHENYI,RUBAARE TOWN COUNCIL,KYABUKUJU,41140403,1326,1364.0,97.2,2690.0,HF3241
Rugazi HC IV,HC IV,Government,MOH,Functional,30.102629,-0.259324,ANKOLE,RUBIRIZI,BUNYARUGURU,RUBIRIZI TOWN COUNCIL,425104,BUNYARUGURU COUNTY,RUBIRIZI,BUNYARUGURU,RUBIRIZI TOWN COUNCIL,NYAKASHARU,42510404,1206,1372.0,87.9,2578.0,HF3255
Bugangari HC IV,HC IV,Government,MOH,Functional,29.854826,-0.71348,KIGEZI,RUKUNGIRI,RUJUMBURA,BUGANGARI,412201,RUJUMBURA COUNTY,RUKUNGIRI,BUJUMBURA,BUGANGARI,BUGANGARI,41220101,2730,2972.0,91.9,5702.0,HF3264
Buhunga HC IV,HC IV,Government,MOH,Functional,29.990961,-0.747642,KIGEZI,RUKUNGIRI,RUJUMBURA,BUHUNGA,412202,RUJUMBURA COUNTY,RUKUNGIRI,BUJUMBURA,BUHUNGA,BUHUNGA,41220201,2521,2861.0,88.1,5382.0,HF3271
Kebisoni HC IV,HC IV,Government,MOH,Functional,30.014743,-0.854742,KIGEZI,RUKUNGIRI,RUBABO,KEBISONI TOWN COUNCIL,412106,RUBABO COUNTY,RUKUNGIRI,RUBABO,KEBISONI TOWN COUNCIL,KEBISONI T. B,41210605,1706,1800.0,94.8,3506.0,HF3291
Kisiizi NGO HOSPITAL,General Hospital,Private Not For Profit,,Functional,29.9525,-0.9956,KIGEZI,RUKUNGIRI,RUBABO,NYARUSHANJE,412104,RUBABO COUNTY,RUKUNGIRI,RUBABO,NYARUSHANJE,KISIIZI,41210406,3196,3778.0,84.6,6974.0,HF3308
North Kigezi HC IV,HC IV,Private Not For Profit,,Functional,29.92747,-0.79287,KIGEZI,RUKUNGIRI,RUKUNGIRI MUNICIPALITY,EASTERN DIVISON,412301,RUKUNGIRI MUNICIPALITY,RUKUNGIRI,RUKUNGIRI MUNICIPALITY,EASTERN,KYATOKO,41230102,2119,2298.0,92.2,4417.0,HF3330
St. Karolii Lwanga Nyakibale HOSPITAL,General Hospital,Private Not For Profit,UCMB,Functional,29.93143,-0.80365,KIGEZI,RUKUNGIRI,RUKUNGIRI MUNICIPALITY,EASTERN DIVISON,412301,RUKUNGIRI MUNICIPALITY,RUKUNGIRI,RUKUNGIRI MUNICIPALITY,EASTERN,KAGASHE,41230101,704,1088.0,64.7,1792.0,HF3331
Kabwohe HC IV,HC IV,Government,MOH,Functional,30.321532,-0.570944,ANKOLE,SHEEMA,SHEEMA MUNICIPALITY,SHEEMA CENTRAL DIVISION,426204,SHEEMA MUNICIPALITY,SHEEMA,SHEEMA MUNICIPALITY,CENTRAL DIVISION,NYARWESHAMA,42620404,2324,2682.0,86.7,5006.0,HF3339
Kitagata HOSPITAL,General Hospital,Government,MOH,Functional,30.15209,-0.67669,ANKOLE,SHEEMA,SHEEMA,KITAGATA,426104,SHEEMA COUNTY SOUTH,SHEEMA,SHEEMA,KITAGATA,MUHITO,42610405,3022,3338.0,90.5,6360.0,HF3353
Shuuku HC IV,HC IV,Government,MOH,Functional,30.30955,-0.67955,ANKOLE,SHEEMA,SHEEMA,SHUUKU,426108,SHEEMA COUNTY SOUTH,SHEEMA,SHEEMA,SHUUKU,RWABUZA,42610804,1524,1755.0,86.8,3279.0,HF3362
